-- MySQL dump 10.13  Distrib 5.5.62, for Win64 (AMD64)
--
-- Host: localhost    Database: demokpi
-- ------------------------------------------------------
-- Server version	5.5.5-10.4.13-MariaDB

/*!40101 SET @OLD_CHARACTER_SET_CLIENT=@@CHARACTER_SET_CLIENT */;
/*!40101 SET @OLD_CHARACTER_SET_RESULTS=@@CHARACTER_SET_RESULTS */;
/*!40101 SET @OLD_COLLATION_CONNECTION=@@COLLATION_CONNECTION */;
/*!40101 SET NAMES utf8 */;
/*!40103 SET @OLD_TIME_ZONE=@@TIME_ZONE */;
/*!40103 SET TIME_ZONE='+00:00' */;
/*!40014 SET @OLD_UNIQUE_CHECKS=@@UNIQUE_CHECKS, UNIQUE_CHECKS=0 */;
/*!40014 SET @OLD_FOREIGN_KEY_CHECKS=@@FOREIGN_KEY_CHECKS, FOREIGN_KEY_CHECKS=0 */;
/*!40101 SET @OLD_SQL_MODE=@@SQL_MODE, SQL_MODE='NO_AUTO_VALUE_ON_ZERO' */;
/*!40111 SET @OLD_SQL_NOTES=@@SQL_NOTES, SQL_NOTES=0 */;

--
-- Table structure for table `department`
--

DROP TABLE IF EXISTS `department`;
/*!40101 SET @saved_cs_client     = @@character_set_client */;
/*!40101 SET character_set_client = utf8 */;
CREATE TABLE `department` (
  `id` int(11) NOT NULL AUTO_INCREMENT,
  `deptcode` varchar(30) DEFAULT NULL,
  `deptname` varchar(100) DEFAULT NULL,
  PRIMARY KEY (`id`)
) ENGINE=InnoDB AUTO_INCREMENT=16 DEFAULT CHARSET=utf8mb4;
/*!40101 SET character_set_client = @saved_cs_client */;

--
-- Dumping data for table `department`
--

LOCK TABLES `department` WRITE;
/*!40000 ALTER TABLE `department` DISABLE KEYS */;
INSERT INTO `department` VALUES (1,'I1','OUTAGE MANAGEMENT UP THERMAL DAN UBJOM'),(2,'I2','RELIABILITY  MANAGEMENT'),(3,'I3','SUPPLY  CHAIN MANAGEMENT'),(4,'I4','EFFICIENCY  MANAGEMENT'),(5,'I5','OPERATION  MANAGEMENT'),(6,'I6','WPC MANAGEMENT'),(7,'I7','MANAJEMEN LINGKUNGAN & 5S'),(8,'I8','PENGELOLAAN KEUANGAN'),(9,'I9','ENTERPRISE RISK MANAGEMENT'),(10,'I10','QUALITY ASSURANCE'),(11,'I17','PENGEMBANGAN MASYARAKAT'),(12,'I20','MANAJEMEN K3'),(13,'L1','HCR (HUMAN CAPITAL READINESS)'),(14,'L2','OCR (ORGANIZATIONAL CAPITAL READINESS)'),(15,'L3','INFORMATION CAPITAL READINESS (ICR)');
/*!40000 ALTER TABLE `department` ENABLE KEYS */;
UNLOCK TABLES;

--
-- Table structure for table `kpi_area`
--

DROP TABLE IF EXISTS `kpi_area`;
/*!40101 SET @saved_cs_client     = @@character_set_client */;
/*!40101 SET character_set_client = utf8 */;
CREATE TABLE `kpi_area` (
  `id` int(11) NOT NULL AUTO_INCREMENT,
  `kpi_department_id` int(11) NOT NULL,
  `areacode` varchar(30) DEFAULT NULL,
  `areaname` varchar(100) DEFAULT NULL,
  PRIMARY KEY (`id`)
) ENGINE=InnoDB AUTO_INCREMENT=19 DEFAULT CHARSET=utf8mb4;
/*!40101 SET character_set_client = @saved_cs_client */;

--
-- Dumping data for table `kpi_area`
--

LOCK TABLES `kpi_area` WRITE;
/*!40000 ALTER TABLE `kpi_area` DISABLE KEYS */;
INSERT INTO `kpi_area` VALUES (12,4,'L3','KPI ICR'),(16,6,'I1.11','Pre-Outage'),(17,6,'I1.12','Outage Execution'),(18,9,'I2.3','Process Analysis Engineering');
/*!40000 ALTER TABLE `kpi_area` ENABLE KEYS */;
UNLOCK TABLES;

--
-- Table structure for table `kpi_department`
--

DROP TABLE IF EXISTS `kpi_department`;
/*!40101 SET @saved_cs_client     = @@character_set_client */;
/*!40101 SET character_set_client = utf8 */;
CREATE TABLE `kpi_department` (
  `id` int(11) NOT NULL AUTO_INCREMENT,
  `period` int(11) DEFAULT NULL,
  `department_id` int(11) DEFAULT NULL,
  PRIMARY KEY (`id`)
) ENGINE=InnoDB AUTO_INCREMENT=11 DEFAULT CHARSET=utf8mb4;
/*!40101 SET character_set_client = @saved_cs_client */;

--
-- Dumping data for table `kpi_department`
--

LOCK TABLES `kpi_department` WRITE;
/*!40000 ALTER TABLE `kpi_department` DISABLE KEYS */;
INSERT INTO `kpi_department` VALUES (4,202002,15),(6,202002,1),(9,202002,2),(10,202002,3);
/*!40000 ALTER TABLE `kpi_department` ENABLE KEYS */;
UNLOCK TABLES;

--
-- Table structure for table `kpi_subarea`
--

DROP TABLE IF EXISTS `kpi_subarea`;
/*!40101 SET @saved_cs_client     = @@character_set_client */;
/*!40101 SET character_set_client = utf8 */;
CREATE TABLE `kpi_subarea` (
  `id` int(11) NOT NULL AUTO_INCREMENT,
  `kpi_area_id` int(11) NOT NULL,
  `subcode` varchar(30) DEFAULT NULL,
  `subname` varchar(100) DEFAULT NULL,
  `subdesc` text DEFAULT NULL,
  `weight` float DEFAULT NULL,
  `level_1` text DEFAULT NULL,
  `leveldetail_1` text DEFAULT NULL,
  `level_2` text DEFAULT NULL,
  `leveldetail_2` text DEFAULT NULL,
  `level_3` text DEFAULT NULL,
  `leveldetail_3` text DEFAULT NULL,
  `level_4` text DEFAULT NULL,
  `leveldetail_4` text DEFAULT NULL,
  `level_5` text DEFAULT NULL,
  `leveldetail_5` text DEFAULT NULL,
  PRIMARY KEY (`id`)
) ENGINE=InnoDB AUTO_INCREMENT=48 DEFAULT CHARSET=utf8mb4;
/*!40101 SET character_set_client = @saved_cs_client */;

--
-- Dumping data for table `kpi_subarea`
--

LOCK TABLES `kpi_subarea` WRITE;
/*!40000 ALTER TABLE `kpi_subarea` DISABLE KEYS */;
INSERT INTO `kpi_subarea` VALUES (36,16,'I1.11.1','Work Scope Ratio','Rasio antara task WO yang telah terbit dibandingkan dengan jumlah kebutuhan task.',NULL,'Fire Fighting (menunggu & memadamkan kebakaran)','Work Scope Ratio 0 - 70%','Stabilizing (Bertindak sebatas merespon kebakaran)','70  ≤ Work Scope Ratio < 80%','Preventing (Ada usaha untuk melakukan pencegahan)','80  ≤ Work Scope Ratio < 90%\n','Optimizing (Adanya usaha optimasi sumberdaya & improvement)','90  ≤ Work Scope Ratio < 100%','Excellence (Mencapai keunggulan optimasi sumberdaya & continuous improvement)','Work Scope Ratio = 100%'),(37,16,'I1.11.2','Work Scope Stability','Rasio antara scope tambahan awal pada R3 dan sebelumnya dibandingkan dengan Scope tambahan Total.\n\nScope Tambahan sampai dengan R3/Scope tambahan sampai dengan P3.\n\n\n',NULL,'Fire Fighting (menunggu & memadamkan kebakaran)','Work Scope Stability 0 - 70%','Stabilizing (Bertindak sebatas merespon kebakaran)','70  ≤ Work Scope Stability < 80%','Preventing (Ada usaha untuk melakukan pencegahan)','80  ≤ Work Scope Stability < 90%','Optimizing (Adanya usaha optimasi sumberdaya & improvement)','90  ≤ Work Scope Stability < 100%','Excellence (Mencapai keunggulan optimasi sumberdaya & continuous improvement)','Work Scope Stability = 100%'),(38,16,'I1.11.3','Rasio Kesiapan Material/Spare Part','Rasio antara material yang tersedia saat P3 dibandingkan dengan jumlah kebutuhan material total',NULL,'Fire Fighting (menunggu & memadamkan kebakaran)','Kesiapan Material 0 - 70%','Stabilizing (Bertindak sebatas merespon kebakaran)','70  ≤ Kesiapan Material < 80%','Preventing (Ada usaha untuk melakukan pencegahan)','80  ≤ Kesiapan Material < 90%','Optimizing (Adanya usaha optimasi sumberdaya & improvement)','90  ≤ Kesiapan Material < 100%','Excellence (Mencapai keunggulan optimasi sumberdaya & continuous improvement)','Kesiapan Material = 100%'),(39,16,'I1.11.4','Rasio Kesiapan Jasa Terkontrak','Rasio antara jasa terkontrak P3 dibandingkan dengan jumlah kebutuhan jasa total\n',NULL,'Fire Fighting (menunggu & memadamkan kebakaran)','Kesiapan Jasa Terkontrak 0 - 70%','Stabilizing (Bertindak sebatas merespon kebakaran)','70  ≤ Kesiapan Jasa Terkontrak < 80%','Preventing (Ada usaha untuk melakukan pencegahan)','80  ≤ Kesiapan Jasa Terkontrak < 90%','Optimizing (Adanya usaha optimasi sumberdaya & improvement)','90  ≤ Kesiapan Jasa Terkontrak < 100%','Excellence (Mencapai keunggulan optimasi sumberdaya & continuous improvement)','Kesiapan Jasa Terkontrak = 100%'),(40,17,'I1.12.1','Prosentase WO Temuan saat OH','Yaitu jumlah WO yang muncul pada saat fase eksekusi OH diluar pekerjaan yang telah disepakati pada meeting P3. % Jumlah WO temuan pada saat fase eksekusi dibandingkan semua WO OH',NULL,'Fire Fighting (menunggu & memadamkan kebakaran)','Presentase Jumlah WO temuan lebih dari 20% dibandingkan dengan total WO pada fase perencanaan P3.','Stabilizing (Bertindak sebatas merespon kebakaran)','Presentase Jumlah WO temuan antara 15%-20% dibandingkan dengan total WO pada fase perencanaan P3.','Preventing (Ada usaha untuk melakukan pencegahan)','Presentase Jumlah WO temuan antara 10%-15% dibandingkan dengan total WO pada fase perencanaan P3.','Optimizing (Adanya usaha optimasi sumberdaya & improvement)','Presentase Jumlah WO temuan antara 5%-10% dibandingkan dengan total WO pada fase perencanaan P3.','Excellence (Mencapai keunggulan optimasi sumberdaya & continuous improvement)','Presentase Jumlah WO temuan tidak lebih dari 5% dibandingkan dengan total WO pada fase perencanaan P3.'),(41,17,'I1.12.2','Rasio Permitt','Perbandingan antara permitt yang terbit dibandingkan dengan jumlah task/pekerjaan yang membutuhkan permitt',NULL,'Fire Fighting (menunggu & memadamkan kebakaran)','Rasio Permitt 0 - 70%','Stabilizing (Bertindak sebatas merespon kebakaran)','70  ≤ Rasio Permitt < 80%','Preventing (Ada usaha untuk melakukan pencegahan)','80  ≤ Rasio Permitt < 90%','Optimizing (Adanya usaha optimasi sumberdaya & improvement)','90  ≤ Rasio Permitt < 100%','Excellence (Mencapai keunggulan optimasi sumberdaya & continuous improvement)','Rasio Permitt = 100%'),(42,17,'I1.12.3','Ketepatan waktu critical task','Rasio antara jumlah critical task yang tepat waktu dibandingkan dengan total critical task',NULL,'Fire Fighting (menunggu & memadamkan kebakaran)','Timeliness of critical task 0 - 70%','Stabilizing (Bertindak sebatas merespon kebakaran)','70  ≤ Timeliness of critical task < 80%','Preventing (Ada usaha untuk melakukan pencegahan)','80  ≤ Timeliness of critical task < 90%','Optimizing (Adanya usaha optimasi sumberdaya & improvement)','90  ≤ Timeliness of critical task < 100%','Excellence (Mencapai keunggulan optimasi sumberdaya & continuous improvement)','Timeliness of critical task = 100%'),(43,18,'12.2.1','Workshop Analysis Enjiniring','Deskripsi : \nSuatu workshop yang membahas cangkupan pendistribusian Peta Improvement Unit ke masing  - masing PIC terkait hingga pelaksanaan proses analisa yang menghasilkan data pendukung rekomendasi (RCFA, FMEA, RLA, dsb) \n\nReferensi : \n1. Maintenance Enginering Handbook, R.Keith Mobley, Mc Graw Hill, 2008\n2. Root Cause Failure Analysis, R.Keith Mobley, Butterworth-Heinemann, 1999',0.3,'Fire Fighting (menunggu & memadamkan kebakaran)','Masing - masing PIC terkati sudah menindaklanjuti 50 % dariseluruh hasil Action Plan Peta Improvement Unit','Stabilizing (Bertindak sebatas merespon kebakaran)','Masing - masing PIC terkati sudah menindaklanjuti 70 % dariseluruh hasil Action Plan Peta Improvement Unit','Preventing (Ada usaha untuk melakukan pencegahan)','Masing - masing PIC terkati sudah menindaklanjuti 80 % dariseluruh hasil Action Plan Peta Improvement Unit','Optimizing (Adanya usaha optimasi sumberdaya & improvement)','Masing - masing PIC terkati sudah menindaklanjuti 90 % dariseluruh hasil Action Plan Peta Improvement Unit','Excellence (Mencapai keunggulan optimasi sumberdaya & continuous improvement)','Masing - masing PIC terkati sudah menindaklanjuti seluruh hasil Action Plan Peta Improvement Unit sampai post maintenance testing atau task measurement'),(44,18,'12.3.3','RAM (Reliability Availability Maintainability) Analysist','Deskripsi : \nSuatu metode untuk memprediksikan Reliability, termasuk Maintainability dan Availability (RAM) dari suatu system atau subsystem melalui proses kalkulasi failure rate untuk dapat mengukur secara kuantitatif deviasi antara design reliability dengan acieveable reliability sehingga bisa diprediksikan potensi kontributor utama terhadap failure/unreliability dari suatu system. \n\nReferensi : \n1. The Certified Reliability Engineer Handbook, Donald W.Benbow, American Society for Quality, 2009\n2. Reliability, Maintainability & Risk, David J Smith, Butterworth-Heinemann, 2001\n\nKeterangan :\nPenggunaan Software:\n1. Untuk plant modeling menggunakan software BlockSim. \n2. Untuk equipment (repairable system) menggunakan software RGA\n3. Untuk component (non repairable system) menggunakan software Weibull \n\nDokumen RAM Analysist meliputi antara lain analisa:  \n1. Probability Density Function (PDF)\n2. Reliability\n3. Probability of Failure/Unreliability \n4. Failure Rate\n5. MTBF\n6. MTTR\n7. MDT\n8. MTTFF\n9. Reliability Index (RI) \n\n\nInput untuk melakukan analisa RAM:\n1.Pengisian down time-uptime di prostate oleh operator produksi (stream Operation Management)\n2. Pengisian start-stop repair time di CMMS oleh rendalhar ( stream WPC)\n\nOutput RAM digunakan oleh:\n1. Perencanaan pemeliharaan oleh stream WPC\n2. Kebijakan persediaan oleh stream SCM\n',0.2,'Fire Fighting (menunggu & memadamkan kebakaran)','Permodelan RAMS yang digunakan sebagai justifikasi kurang dari 25% pada program RJPP-RKAP terkait keandalan','Stabilizing (Bertindak sebatas merespon kebakaran)','Permodelan RAMS yang digunakan sebagai justifikasi kurang dari 50% pada program RJPP-RKAP terkait keandalan','Preventing (Ada usaha untuk melakukan pencegahan)','Permodelan RAMS yang digunakan sebagai justifikasi 50% - 75% dari program RJPP-RKAP terkait keandalan','Optimizing (Adanya usaha optimasi sumberdaya & improvement)','Permodelan RAMS yang digunakan sebagai justifikasi 75% - 95% dari program RJPP-RKAP terkait keandalan','Excellence (Mencapai keunggulan optimasi sumberdaya & continuous improvement)','Permodelan RAMS yang digunakan sebagai justifikasi 95% - 100% dari program RJPP-RKAP terkait keandalan'),(45,18,'12.3.4','Life Cycle Cost Analysis (LCCA)','Deskripsi : \nLCCA menunjukkan kepada total biaya kepemilikan asset yang harus dikeluarkan selama umur dari asset yang meliputi dengan memperhitungkan semua biaya untuk memperoleh (aquisition cost), mengoperasikan (operation cost), memelihara (manitenance cost), dan membuang (disposal cost) suatu sistem.\n\n\nReferensi : \n\n\nKeterangan :\nTotal Cost = Aquisition Cost + Operation Cost + Manitenance Cost + Disposal Cost \n\n1. Time to Replace \n2. Acquisition Cost \n3. Operation Cost\n4. Maintenance Cost \n5. Disposal Cost\n6. Economic Life / Min EAC \n\nSeluruh asset yang ada di pemodelan RBD harus dilengkapi dengan LCCA dengan target mengeluarkan 3 skenario dari asset:\n1. Keep an maintain as usual\n2. Keep and improve\n3. Replace with existing or other candidate\n\nOutput skenario tersubut akan digunakan untuk Long Term Planning.\n\nKeterangan:\nMaintenance cost to RAV sudah di lakukan pengukuran oleh stream WPC',0.2,'Fire Fighting (menunggu & memadamkan kebakaran)','LCCA  digunakan sebagai pendukung ≤ 25% dari program RJPP-RKAP','Stabilizing (Bertindak sebatas merespon kebakaran)','LCCA  digunakan sebagai pendukung 25% - 50% dari program RJPP-RKAP','Preventing (Ada usaha untuk melakukan pencegahan)','LCCA  digunakan sebagai pendukung 50% - 75% dari program RJPP-RKAP','Optimizing (Adanya usaha optimasi sumberdaya & improvement)','LCCA  digunakan sebagai pendukung 75% - 95% dari program RJPP-RKAP','Excellence (Mencapai keunggulan optimasi sumberdaya & continuous improvement)','LCCA   digunakan  sebagai  pendukung 95% - 100% dari program RJPP-RKAP '),(46,18,'12.3.8','Maintenance Priority Index (MPI), Asset Health and Reliability Index','Deskripsi : \nMPI adalah satu database yang dapat menunjukkan prioritas asset untuk dilakukan pemeliharaan yang ditentukan oleh beberapa kriteria.\n\nAsset Health menunjukkan kondisi peta kesehatan dari asset.\n\nReliability Index menunjukkan tingkat keandalan dari suatu asset\n\nReferensi : \nMaintenance Enginering Handbook, R.Keith Mobley\n\nKeterangan :\nKondisi peralatan dimonitor dengan RBD yang disimulasikan sampai pada overhaul berikutnya\nHijau    =  tidak ada equipment down\nKuning = ada equipment down tetapi tidak membuat plant down\nMerah = ada equipment down yang membuat plant down',0.2,'Fire Fighting (menunggu & memadamkan kebakaran)','< 50 % hasil MPI, Asset Health dan RI sebagai inputan dalam penyusunan RKAP dan RJPP ','Stabilizing (Bertindak sebatas merespon kebakaran)','50% -  60 % hasil MPI, Asset Health dan RI sebagai inputan dalam penyusunan RKAP dan RJPP ','Preventing (Ada usaha untuk melakukan pencegahan)','60 % - 70 % hasil MPI, Asset Health dan RI sebagai inputan dalam penyusunan RKAP dan RJPP ','Optimizing (Adanya usaha optimasi sumberdaya & improvement)','80 % - 90 % hasil MPI, Asset Health dan RI sebagai inputan dalam penyusunan RKAP dan RJPP ','Excellence (Mencapai keunggulan optimasi sumberdaya & continuous improvement)','90 % - 100 % hasil MPI, Asset Health dan RI sebagai inputan dalam penyusunan RKAP dan RJPP '),(47,18,'12.3.9','Kualitas FDT','Deskripsi : \nMenunjukan tingkat ketajaman dalam menganalisa akar penyebab kegagalan peralatan sehingga menghasilkan rekomendasi yang tepat untuk dilakukan perbaikan dan tidak terjadi pengulangan failure.',0.1,'Fire Fighting (menunggu & memadamkan kebakaran)','Terjadi perulangan failure pada peralatan yang sama dengan mode kegagalam yang sama dalam rentang waktu 1 Bulan setelah eksekusi FDT','Stabilizing (Bertindak sebatas merespon kebakaran)','Terjadi perulangan failure pada peralatan yang sama dengan mode kegagalam yang sama dalam rentang waktu 3 bulan setelah eksekusi FDT','Preventing (Ada usaha untuk melakukan pencegahan)','Terjadi perulangan failure pada peralatan yang sama dengan mode kegagalam yang sama dalam rentang waktu 6 bulan setelah eksekusi FDT','Optimizing (Adanya usaha optimasi sumberdaya & improvement)','Terjadi perulangan failure pada peralatan yang sama dengan mode kegagalam yang sama dalam rentang waktu 1 Tahun setelah eksekusi FDT','Excellence (Mencapai keunggulan optimasi sumberdaya & continuous improvement)','Terbukti tidak jadi perulangan failure pada perlatan dalam rentang waktu minimal 3 Tahun setelah eksekusi FDT');
/*!40000 ALTER TABLE `kpi_subarea` ENABLE KEYS */;
UNLOCK TABLES;

--
-- Table structure for table `ml_area`
--

DROP TABLE IF EXISTS `ml_area`;
/*!40101 SET @saved_cs_client     = @@character_set_client */;
/*!40101 SET character_set_client = utf8 */;
CREATE TABLE `ml_area` (
  `id` int(11) NOT NULL AUTO_INCREMENT,
  `kpi_department_id` int(11) NOT NULL,
  `areacode` varchar(30) DEFAULT NULL,
  `areaname` varchar(100) DEFAULT NULL,
  PRIMARY KEY (`id`)
) ENGINE=InnoDB AUTO_INCREMENT=152 DEFAULT CHARSET=utf8mb4;
/*!40101 SET character_set_client = @saved_cs_client */;

--
-- Dumping data for table `ml_area`
--

LOCK TABLES `ml_area` WRITE;
/*!40000 ALTER TABLE `ml_area` DISABLE KEYS */;
INSERT INTO `ml_area` VALUES (20,4,'L3','ML ICR'),(132,6,'I1.1','Outage Long Term Planning'),(133,6,'I1.2','R1 (18 Month Planning) '),(134,6,'I1.3','R2 (12 Month Planning)  Pre Outage Management'),(135,6,'I1.4','R3 (6 Month Planning)  Pre Outage Management'),(136,6,'I1.5','P1 (3 Month Planning)  Pre Outage Management'),(137,6,'I1.6','P2 (1 Month Planning)  Pre Outage Management'),(138,6,'I1.7','P3 (1 Week Planning) Pre Outage Management'),(139,6,'I1.8','Eksekusi Pekerjaan OH  (Execution Outage)'),(140,6,'I1.9','WO Feed Back'),(141,6,'I1.10','Pasca Pekerjaan OH (Post Outage)'),(149,9,'I2.1','PREDICTIVE MAINTENANCE'),(150,9,'I2.2','Process Analysis Engineering'),(151,10,'I3.1','Inventory');
/*!40000 ALTER TABLE `ml_area` ENABLE KEYS */;
UNLOCK TABLES;

--
-- Table structure for table `ml_subarea`
--

DROP TABLE IF EXISTS `ml_subarea`;
/*!40101 SET @saved_cs_client     = @@character_set_client */;
/*!40101 SET character_set_client = utf8 */;
CREATE TABLE `ml_subarea` (
  `id` int(11) NOT NULL AUTO_INCREMENT,
  `ml_area_id` int(11) NOT NULL,
  `subcode` varchar(30) DEFAULT NULL,
  `subname` varchar(100) DEFAULT NULL,
  `subdesc` text DEFAULT NULL,
  `weight` float DEFAULT NULL,
  `level_1` text DEFAULT NULL,
  `leveldetail_1` text DEFAULT NULL,
  `level_2` text DEFAULT NULL,
  `leveldetail_2` text DEFAULT NULL,
  `level_3` text DEFAULT NULL,
  `leveldetail_3` text DEFAULT NULL,
  `level_4` text DEFAULT NULL,
  `leveldetail_4` text DEFAULT NULL,
  `level_5` text DEFAULT NULL,
  `leveldetail_5` text DEFAULT NULL,
  PRIMARY KEY (`id`)
) ENGINE=InnoDB AUTO_INCREMENT=557 DEFAULT CHARSET=utf8mb4;
/*!40101 SET character_set_client = @saved_cs_client */;

--
-- Dumping data for table `ml_subarea`
--

LOCK TABLES `ml_subarea` WRITE;
/*!40000 ALTER TABLE `ml_subarea` DISABLE KEYS */;
INSERT INTO `ml_subarea` VALUES (190,20,'L3.1','Jenis Kabel/media  untuk user/client','Deskripsi :\nKesesuaian media yang digunakan  untuk menghubungkan koneksi antar gedung maupun yang digunakan oleh user berdasarkan standar jarak dan peruntukan penggunaan di dalam jaringan lokal untuk mendukung penggunaan SIT\n\nMaksud : \nMedia transmisi bersama dengan topologi menentukan kecepatan, efisiensi saluran, tipe data yang boleh disalurkan dan juga aplikasi yang dapat didukung oleh jaringan.\n\nEvident :\n1. Foto Kabel UTP \n2. Optical Termination Box FO(OTB) \n3. Foto Access Point\n4. Foto Wall Mount Rack \n5. Foto SMB\n6. Foto Patch Panel',0.06,'Fire Fighting (menunggu & memadamkan kebakaran)','Koneksi secara keseluruhan hanya menggunakan kabel UTP.\nDibuktikan dengan kondisi:\nKabel UTP  dan SMB (min. 1 Titik)','Stabilizing (Bertindak sebatas merespon kebakaran)','Koneksi sudah mengunakan campuran media, namun kesesuaian peruntukan masih < 60%. Dibuktikan dengan kondisi:\nAkses point (min. 1 titik)','Preventing (Ada usaha untuk melakukan pencegahan)','Koneksi sudah mengunakan campuran media, namun kesesuaian peruntukan masih < 80%. Dibuktikan dengan kondisi:\nTermination box FO (OTB).','Optimizing (Adanya usaha optimasi sumberdaya & improvement)','Koneksi sudah mengunakan campuran media, kesesuaian peruntukan sudah 100%, namun interkoneksi belum terintegrasi/terpusat. Dibuktikan dengan kondisi:\nWallmount rack (min. 1 titik) ','Excellence (Mencapai keunggulan optimasi sumberdaya & continuous improvement)','Koneksi sudah mengunakan campuran media, kesesuaian peruntukan sudah 100%, namun interkoneksi belum terintegrasi/terpusat. Dibuktikan dengan kondisi:\nWallmount rack (min. 1 titik) '),(191,20,'L3.2','Cakupan & Topologi LAN','Deskripsi :\nSeberapa lengkap informasi topologi LAN\n\nMaksud : \nUntuk mempercepat proses troubleshooting, pengembangan LAN dan transfer knowledge.\n\nEvident :\n1. Denah Cakupan LAN\n2. Diagram topologi LAN, diagram line dari koneksi utama dilengkapi dengan informasi lokasi perangkat,hostname & IP Address',0.06,'Fire Fighting (menunggu & memadamkan kebakaran)','tidak memiliki dokumen formal cakupan & diagram topologi LAN.','Stabilizing (Bertindak sebatas merespon kebakaran)','memiliki dokumen formal cakupan & diagram topologi LAN namun hanya menunjukan diagram line dari koneksi utama. ','Preventing (Ada usaha untuk melakukan pencegahan)','memiliki dokumen formal cakupan & diagram topologi LAN, diagram line dari koneksi utama dan dilengkapi dengan informasi lokasi perangkat.','Optimizing (Adanya usaha optimasi sumberdaya & improvement)','memiliki dokumen formal cakupan & diagram topologi LAN, diagram line dari koneksi utama dilengkapi dengan informasi lokasi perangkat dan informasi lain yang berhubungan dengan protokol jaringan (misalnya IP Address dan/atau  MAC Address perangkat).','Excellence (Mencapai keunggulan optimasi sumberdaya & continuous improvement)','memiliki dokumen formal cakupan & diagram topologi LAN yang terintegrasi dengan data manajemen PC sehingga mempermudah troubleshooting. '),(192,20,'L3.3','Informasi PC User dan Server','Deskripsi :\nSeberapa lengkap informasi mengenai PC user\n\nMaksud : \nUntuk mempercepat proses troubleshooting & informasi aset IT\n\nEvident :\n1. Kelengkapan Informasi PC User meliputi : nama PC,lokasi,IP dan Mac Address,Nomor Port SMB dan Nomor Switch.\n\nKelengkapan Informasi Server meliputi : Alamat Url Aplikasi, lokasi, IP dan MAC Address, Nomor Port SMB dan Nomor Switch\n\n2. Foto labeling SMB (3 titik)\n3. Foto labeling Switch (3 titik)\n\n\n',0.06,'Fire Fighting (menunggu & memadamkan kebakaran)','tidak memiliki Informasi atau informasi tidak lengkap, mengenai PC user dan Server.','Stabilizing (Bertindak sebatas merespon kebakaran)','Memiliki Informasi PC User dan Server yang tercatat manual.','Preventing (Ada usaha untuk melakukan pencegahan)','Informasi PC User dan Server tercatat pada database namun tidak terupdate. ','Optimizing (Adanya usaha optimasi sumberdaya & improvement)','Informasi PC User dan Server tercatat pada database dan update.','Excellence (Mencapai keunggulan optimasi sumberdaya & continuous improvement)','Informasi PC User dan Server tercatat pada database ,update dan dapat diakses secara online (URL,Login & Password) Central Manage'),(193,20,'L3.4','Rack System','Deskripsi :\nSeberapa banyak server dan network hardware dimasukkan ke dalam rack system\n\nMaksud : \nUntuk memenuhi strandard datacenter,kemudahan koneksi,kerapihan & efisiensi tempat\n\nEvident :\nFoto seluruh Rak didalam ruang Server (2 Foto)\n',0.06,'Fire Fighting (menunggu & memadamkan kebakaran)','tidak memiliki rack system','Stabilizing (Bertindak sebatas merespon kebakaran)','memiliki rack system tapi belum mencakup seluruh server dan network hardware (cakupan 30%).','Preventing (Ada usaha untuk melakukan pencegahan)','memiliki rack system tapi belum mencakup seluruh server dan network hardware (cakupan 60%).','Optimizing (Adanya usaha optimasi sumberdaya & improvement)','memiliki rack system tapi belum mencakup seluruh server dan network hardware (cakupan 90%).','Excellence (Mencapai keunggulan optimasi sumberdaya & continuous improvement)','memiliki rack system yang standar untuk seluruh server dan network hardware.'),(194,20,'L3.5','UPS','Deskripsi :\nSentralisasi dan Runtime\n\nMaksud : \nUntuk menjaga keamanan data & hardware dari gangguan power supply\n\nEvident :\n1. Foto UPS\n2. Dokumen kapasitas dan Runtime UPS\n3. Dokumen Pemeliharaan UPS dan Testing UPS\n\n\n',0.06,'Fire Fighting (menunggu & memadamkan kebakaran)','memiliki UPS tapi belum tersentralisasi dengan runtime kurang dari 15 menit.','Stabilizing (Bertindak sebatas merespon kebakaran)','memiliki UPS tapi belum tersentralisasi dengan runtime kurang dari 45 menit.','Preventing (Ada usaha untuk melakukan pencegahan)','memiliki UPS tapi belum tersentralisasi dengan runtime kurang dari 60 menit.','Optimizing (Adanya usaha optimasi sumberdaya & improvement)','memiliki UPS tersentralisasi dengan runtime minimal 60 menit dan memiliki dokumen testing UPS.','Excellence (Mencapai keunggulan optimasi sumberdaya & continuous improvement)','Level 4 terpenuhi dan memiliki dokumen pemeliharaan UPS.'),(195,20,'L3.6','Cooling System',NULL,0.06,'Fire Fighting (menunggu & memadamkan kebakaran)',' memiliki pendingin hanya berupa fan pada rak server. ','Stabilizing (Bertindak sebatas merespon kebakaran)','memiliki sistem pendingin berupa AC yang belum dipantau sesuai dengan standar ruang server.','Preventing (Ada usaha untuk melakukan pencegahan)','\"memiliki sistem pendingin berupa AC yang sudah dipantau sesuai dengan standar ruang server. Dibuktikan dengan kondisi:\n1. AC\n2. Dokumen pemantauan temperatur dan kelembaban ruang server selama 1 semester\"','Optimizing (Adanya usaha optimasi sumberdaya & improvement)','memiliki sistem pendingin berupa precision cooling system yang sudah dipantau (dibuktikan dengan dokumen pengukuran selama 1 semester) sesuai dengan standar ruang server.','Excellence (Mencapai keunggulan optimasi sumberdaya & continuous improvement)','memiliki Precision Cooling System yang standar dan sesuai kebutuhan data center serta memiliki dokumen pemeliharaan precision cooling system. '),(196,20,'L3.7','Access Control','\"Deskripsi :\nPemenuhan standard access control, pemantauan dan dokumentasinya\n\nMaksud : \nMeningkatkan keamanan fisik ruang server \n\nEvident :\n1. Foto perangkat access control, atau kunci (1 Foto)\n2. Dokumen pemantauan aktivitas keluar masuk ruang server\"\n\n\n',0.06,'Fire Fighting (menunggu & memadamkan kebakaran)','tidak memiliki access control, aktivitas keluar masuk ruang server tidak dicatat.','Stabilizing (Bertindak sebatas merespon kebakaran)','tidak memiliki access control, aktivitas keluar masuk ruang server dicatat manual','Preventing (Ada usaha untuk melakukan pencegahan)','memiliki access control sederhana (kunci ruangan misalnya) namun belum dapat dipantau dan terdokumentasi aktivitas keluar masuk ruang server.','Optimizing (Adanya usaha optimasi sumberdaya & improvement)','memiliki access control sederhana (kunci ruangan misalnya) yang dapat dipantau dan terdokumentasi aktivitas keluar masuk ruang server. Dibuktikan dengan kondisi:\n1. Access control sederhana\n2. Dokumen aktifitas keluar masuk ruang server','Excellence (Mencapai keunggulan optimasi sumberdaya & continuous improvement)','\"memiliki access control modern (access card misalnya) yang dapat terpantau dan terdokumentasi aktivitas keluar masuk ruang server. Dibuktikan dengan:\n1. Access control modern                                      \n2. Dokumen aktifitas keluar masuk ruang server'),(197,20,'L3.8','Pemadam Kebakaran',NULL,0.06,'Fire Fighting (menunggu & memadamkan kebakaran)',NULL,'Stabilizing (Bertindak sebatas merespon kebakaran)',NULL,'Preventing (Ada usaha untuk melakukan pencegahan)',NULL,'Optimizing (Adanya usaha optimasi sumberdaya & improvement)',NULL,'Excellence (Mencapai keunggulan optimasi sumberdaya & continuous improvement)',NULL),(198,20,'L3.9','Security Monitoring',NULL,0.06,'Fire Fighting (menunggu & memadamkan kebakaran)',NULL,'Stabilizing (Bertindak sebatas merespon kebakaran)',NULL,'Preventing (Ada usaha untuk melakukan pencegahan)',NULL,'Optimizing (Adanya usaha optimasi sumberdaya & improvement)',NULL,'Excellence (Mencapai keunggulan optimasi sumberdaya & continuous improvement)',NULL),(199,20,'L3.10','Raised Floor dan cable management',NULL,0.06,'Fire Fighting (menunggu & memadamkan kebakaran)',NULL,'Stabilizing (Bertindak sebatas merespon kebakaran)',NULL,'Preventing (Ada usaha untuk melakukan pencegahan)',NULL,'Optimizing (Adanya usaha optimasi sumberdaya & improvement)',NULL,'Excellence (Mencapai keunggulan optimasi sumberdaya & continuous improvement)',NULL),(200,20,'L3.11','Authentikasi User',NULL,0.06,'Fire Fighting (menunggu & memadamkan kebakaran)',NULL,'Stabilizing (Bertindak sebatas merespon kebakaran)',NULL,'Preventing (Ada usaha untuk melakukan pencegahan)',NULL,'Optimizing (Adanya usaha optimasi sumberdaya & improvement)',NULL,'Excellence (Mencapai keunggulan optimasi sumberdaya & continuous improvement)',NULL),(201,20,'L3.12','Pengamanan Akses Wifi',NULL,0.06,'Fire Fighting (menunggu & memadamkan kebakaran)',NULL,'Stabilizing (Bertindak sebatas merespon kebakaran)',NULL,'Preventing (Ada usaha untuk melakukan pencegahan)',NULL,'Optimizing (Adanya usaha optimasi sumberdaya & improvement)',NULL,'Excellence (Mencapai keunggulan optimasi sumberdaya & continuous improvement)',NULL),(202,20,'L3.13','Server Antivirus, Firewall dan IPS',NULL,0.06,'Fire Fighting (menunggu & memadamkan kebakaran)',NULL,'Stabilizing (Bertindak sebatas merespon kebakaran)',NULL,'Preventing (Ada usaha untuk melakukan pencegahan)',NULL,'Optimizing (Adanya usaha optimasi sumberdaya & improvement)',NULL,'Excellence (Mencapai keunggulan optimasi sumberdaya & continuous improvement)',NULL),(203,20,'L3.14','Tools Monitoring ',NULL,0.06,'Fire Fighting (menunggu & memadamkan kebakaran)',NULL,'Stabilizing (Bertindak sebatas merespon kebakaran)',NULL,'Preventing (Ada usaha untuk melakukan pencegahan)',NULL,'Optimizing (Adanya usaha optimasi sumberdaya & improvement)',NULL,'Excellence (Mencapai keunggulan optimasi sumberdaya & continuous improvement)',NULL),(204,20,'L3.15','Tools TroubleShooting',NULL,0.06,'Fire Fighting (menunggu & memadamkan kebakaran)',NULL,'Stabilizing (Bertindak sebatas merespon kebakaran)',NULL,'Preventing (Ada usaha untuk melakukan pencegahan)',NULL,'Optimizing (Adanya usaha optimasi sumberdaya & improvement)',NULL,'Excellence (Mencapai keunggulan optimasi sumberdaya & continuous improvement)',NULL),(205,20,'L3.16','Ketersediaan LAN dalam satu semester',NULL,0.06,'Fire Fighting (menunggu & memadamkan kebakaran)',NULL,'Stabilizing (Bertindak sebatas merespon kebakaran)',NULL,'Preventing (Ada usaha untuk melakukan pencegahan)',NULL,'Optimizing (Adanya usaha optimasi sumberdaya & improvement)',NULL,'Excellence (Mencapai keunggulan optimasi sumberdaya & continuous improvement)',NULL),(206,20,'L3.17','Training dan SK Key User',NULL,0.06,'Fire Fighting (menunggu & memadamkan kebakaran)',NULL,'Stabilizing (Bertindak sebatas merespon kebakaran)',NULL,'Preventing (Ada usaha untuk melakukan pencegahan)',NULL,'Optimizing (Adanya usaha optimasi sumberdaya & improvement)',NULL,'Excellence (Mencapai keunggulan optimasi sumberdaya & continuous improvement)',NULL),(459,132,'I1.1.1','Rencana dan Jadwal Planed Outage Jangka Panjang','Terdapat rencana dan jadwal Planed Outage beserta type Outage dalam Jangka Panjang, berdasarkan estimasi Jam Operasi (OH/EOH) atau waktu.\nRencana Jangka Panjang Outage telah mempertimbangkan major modification/replace/repair/upgrade peralatan dan telah diselaraskan dengan Rencana Jangka Panjang Unit.\n\n\n',0.17,'Fire Fighting (menunggu & memadamkan kebakaran)','Belum ada Rencana Jangka Panjang Outage dan jadwal (tahunan).','Stabilizing (Bertindak sebatas merespon kebakaran)','Rencana jangka Panjang sudah dibuat (jadwal dan type OH) mengacu pada estimasi jam (ekivalen) operasi atau waktu, atau pertimbangan strategis lainnya. Belum ada identifikasi major project yang dikaitkan dengan rencana OH.','Preventing (Ada usaha untuk melakukan pencegahan)','Rencana jangka Panjang sudah dibuat (jadwal dan type OH) mengacu pada estimasi jam (ekivalen) operasi atau waktu, atau pertimbangan strategis lainnya. Telah ada identifikasi major project yang dikaitkan dengan rencana OH. Belum ada keselarasan dengan RJPU unit yang terupdate.\n','Optimizing (Adanya usaha optimasi sumberdaya & improvement)','Rencana jangka Panjang sudah dibuat (jadwal dan type OH) mengacu pada estimasi jam (ekivalen) operasi atau waktu, atau pertimbangan strategis lainnya, dan diupdate tiap tahun.\nMajor project yang memiliki keterkaitan dengan OH telah diidentifikasi, dan telah diselaraskan dengan RJPU terupdate.','Excellence (Mencapai keunggulan optimasi sumberdaya & continuous improvement)','\"Rencana jangka Panjang sudah dibuat (jadwal dan type OH) mengacu pada estimasi jam (ekivalen) operasi atau waktu, atau pertimbangan strategis lainnya, dan diupdate tiap tahun.\nMajor project yang memiliki keterkaitan dengan OH telah diidentifikasi, dan telah diselaraskan dengan RJPU terupdate.\nKonsisten selama 3 tahun dan Database telah ada pada SIT, updated.\"'),(460,133,'I1.2.1','Identifikasi Jadual & Scope pekerjaan, dan Major Project.','Identifikasi jadual, scope of work, dan Major Project sebagai scope tambahan\nNote : \nPerubahan Standard Job OH maka harus melalui proses reliability management dan telah disepakati bidang OME di Meeting R1.\n\nNote : Sudah Terintegrasi dengan Reliability Mgt',0.07,'Fire Fighting (menunggu & memadamkan kebakaran)','PJB , UBJOM JAWA\nJadual dan scope OH sudah dibuat. Major project telah diidentifikasi dan sudah   ditindaklanjuti  <35%. \nBelum dilakukan review Standard Job.\nStandar job <35% sudah diterbitkan. \nUBJOM LUAR JAWA\nDokumen Jadual dan scope OH,  dalam bentuk manual.\nMajor project telah diidentifikasi dan sudah   ditindaklanjuti  <35%.','Stabilizing (Bertindak sebatas merespon kebakaran)','PJB , UBJOM JAWA & UBJOM LUAR JAWA\nJadual dan scope OH sudah dibuat. Major project telah diidentifikasi dan sudah   ditindaklanjuti  35%≤x<60%.\nTelah dilakukan review dan update Standard Job.\nstandar job (termasuk updating) 35%≤x<60% sudah diterbitkan\nData base masih dalam aplikasi manual','Preventing (Ada usaha untuk melakukan pencegahan)','PJB , UBJOM JAWA & UBJOM LUAR JAWA\nJadual dan scope OH sudah dibuat.\nMajor project telah diidentifikasi dan sudah   ditindaklanjuti  60%≤x<80%.\nTelah dilakukan review dan update Standard Job.\nstandar job  (termasuk updating) 60%≤x<80% sudah diterbitkan\nData base masih dalam aplikasi manual updated','Optimizing (Adanya usaha optimasi sumberdaya & improvement)','PJB , UBJOM JAWA & UBJOM LUAR JAWA\nJadual dan scope OH sudah dibuat\nTelah dilakukan review dan update Standard Job.\nMajor project telah diidentifikasi dan sudah   ditindaklanjuti  80%≤x<100%.\nstandar job (termasuk updating) 80%≤x<100% sudah diterbitkan\nData base sudah ada di SIT 80%≤x<100%\n','Excellence (Mencapai keunggulan optimasi sumberdaya & continuous improvement)','PJB , UBJOM JAWA & UBJOM LUAR JAWA\nJadual dan scope OH sudah dibuat\nMajor project telah diidentifikasi dan sudah   ditindaklanjuti 100%.\nTelah dilakukan review dan update Standard Job.\nStandard Job (termasuk updating) 100% sudah diterbitkan\nData base sudah ada di SIT 100% \n'),(461,133,'I1.2.2','Identifikasi Kebutuhan Material / Sparepart. ','Identifikasi kebutuhan sparepart utama/ spesifik dengan delivery time 12 s.d 18 bulan  serta penerbitan Issue Requisition / Recommended Order sebagaI dasar proses pengadaan.',0.07,'Fire Fighting (menunggu & memadamkan kebakaran)','PJB , UBJOM JAWA\nSpare part utama/ spesifik dengan delivery 12 s.d 18 Bulan sudah di identifikasi <35%  IR/ RO/PR belum diterbitkan. \nUBJOM LUAR JAWA\nSpare part utama/ spesifik dengan delivery 12 s.d 18 Bulan sudah dibuat dalam bentuk manual','Stabilizing (Bertindak sebatas merespon kebakaran)','PJB , UBJOM JAWA & UBJOM LUAR JAWA\nSpare part utama/ spesifik dengan delivery 12 s.d 18 Bulan 35%≤x<60%  sudah di  identifikasi & IR/ RO sudah diterbitkan 35%≤x<60%dengan spesifikasi lengkap. Data base masih dalam aplikasi manual. ','Preventing (Ada usaha untuk melakukan pencegahan)','PJB , UBJOM JAWA & UBJOM LUAR JAWA\nSpare part utama/ spesifik dengan delivery 12 s.d 18 Bulan 60%≤x<80%  sudah di identifikasi & IR/ RO sudah diterbitkan dengan spesifikasi lengkap.Data base masih dalam aplikasi manual updated. ','Optimizing (Adanya usaha optimasi sumberdaya & improvement)','PJB , UBJOM JAWA & UBJOM LUAR JAWA\nSpare part utama/ spesifik dengan delivery 12 s.d 18 Bulan  80%≤x<100% sudah di identifikasi & IR/ RO sudah diterbitkan dengan spesifikasi lengkap.Data base sudah ada di web MO  80%≤x<100%updated.\n','Excellence (Mencapai keunggulan optimasi sumberdaya & continuous improvement)','PJB , UBJOM JAWA & UBJOM LUAR JAWA\nSpare part utama/ spesifik 100% dengan delivery 12 s.d 18 Bulan sudah di identifikasi & IR/ RO sudah diterbitkan dengan spesifikasi lengkap.Data base sudah ada di web MO 100% updated dan terintegrasi '),(462,133,'I1.2.3','Efektivitas Pertemuan/ Koordinasi Antar Bidang/ Subdit. ','Efektifitas dari pertemuan/ koordinasi kegiatan outage management terkait dengan materi yang dibahas dan fungsi/ bidang  yang terlibat. \n1, Materi yang dibahas meliputi:\nRencana Tindak Lanjut.\nJadual & Scope OH.\nInformasi dari Bidang terkait\nTerintegrasi dengan WPC Mgt, terkait resourse mgt (Tools & Sdm).\n2. Peserta yang diundang  dari  Eksekutor :\nM. Project/  K. PLTA/ M. Tek/ M Renbintek , Spv./Koord. Mesin, Listrik, Kontrol,  Enjinering, Rendal  Har & Staf. Teknisi.\n3. Peserta yang diundang  dari  Pemberi Kerja :\nM. Har/ M. Eng,  Staff, Spvs  MO & Staf, Spvs Rendal Har & Staf, Spvs Mesin, Listrik, Kontrol, Spvs Rendal Ops, Spvs Produksi. \n4. Jumlah Peserta yang hadir\n',0.07,'Fire Fighting (menunggu & memadamkan kebakaran)','PJB , UBJOM JAWA\nPertemuan kegiatan R1 dilaksanakan dalam range waktu lebih dari 21 hari dari tanggal yang ditetapkan\nUBJOM LUAR JAWA\nMeeting R1 dilaksanakan','Stabilizing (Bertindak sebatas merespon kebakaran)','PJB , UBJOM JAWA\nPertemuan kegiatan R1 dilaksanakan dengan peserta 35%≤x<60%undangan (perfungsi). Materi yang dibahas 35%≤x<60%%. Pertemuan kegiatan R1 dilaksanakan dalam range waktu 15≤x<21 hari dari tanggal yang ditetapkan.  Data base masih dalam aplikasi manual \nUBJOM LUAR JAWA\nMeeting R1 dilaksanakan dengan peserta 35%≤x<60% hadir','Preventing (Ada usaha untuk melakukan pencegahan)','PJB, UBJOM JAWA & UBJOM LUAR JAWA\nPertemuan kegiatan R1 dilaksanakan dengan peserta  60%≤x<80% undangan (perfungsi).Materi yang dibahas  60%≤x<80%. Pertemuan kegiatan R1 dilaksanakan dalam range waktu 7≤x<15 hari dari tanggal yang ditetapkan. Data base masih dalam aplikasi manual','Optimizing (Adanya usaha optimasi sumberdaya & improvement)','PJB, UBJOM JAWA & UBJOM LUAR JAWA\nPertemuan kegiatan R1 dilaksanakan dengan peserta 80%≤x<100 undangan perfungsi dan salah satu manajer. Materi yang dibahas 80%≤x<100. Pertemuan kegiatan R1 dilaksanakan dalam range waktu 1≤x<7 hari dari tanggal yang ditetapkan Data base sudah ada di SIT 80%≤x<100 updated. ','Excellence (Mencapai keunggulan optimasi sumberdaya & continuous improvement)','PJB, UBJOM JAWA & UBJOM LUAR JAWA\nPertemuan kegiatan R1 dilaksanakan dengan peserta 100% undangan perfungsi dan kedua manajer (pemberi kerja & eksekutor). Materi yang dibahas 100%. Pertemuan kegiatan R1 dilaksanakan sesuai tanggal yang ditetapkan. Data base sudah ada di SIT 100% updated dan terintegrasi. '),(463,134,'I1.3.1','Review Progress Meeting R1 &Hasil OH Yang Telah Dilaksanakan','Review tindak lanjut meeting R1, hasil evaluasi, rekomendasi & rencana tindak lanjut OH yang sudah dilaksanakan sebaga input planning. \n(Note : tindak lanjut = sudah ada rencana penetapan action plan, target dan PIC oleh Planner Outage) \nUp-date : Data terkini/terbaru setelah dilakukan Review oleh Planner.\nTerintegrasi : data dapat dishare oleh Bidang lain yang terkait, database ada di WEB Outage & QPR (ter up-date).\n',NULL,'Fire Fighting (menunggu & memadamkan kebakaran)','PJB , UBJOM JAWA \nReview progress meeting R1 sudah dilakukan tindak lanjut untuk planning OH berikutnya.tanpa melibatkan bidang lain \nUBJOM LUAR JAWA\nMeeting R2 dilaksanakan','Stabilizing (Bertindak sebatas merespon kebakaran)','PJB , UBJOM JAWA \nReview progress meeting R1 sudah ada,  rekomendasi tindak lanjut, program , target dan PIC sudah ditetapkan, namun belum dilakukan prioritisasi, database masih manual  \nUBJOM LUAR JAWA\nReview progress meeting R1 sudah ada rekomendasi tindak lanjut, program','Preventing (Ada usaha untuk melakukan pencegahan)','PJB , UBJOM JAWA & UBJOM LUAR JAWA\nReview progress meeting R1 sudah dilakukan, dievaluasi melalui forum yang melibatkan bidang terkait (OME) dan sudah dilakukan kajian enjinering , belum ditetapkan prioritisasi program, Database sudah di upload di WEB Outage  50%≤x<75% (ter Update)','Optimizing (Adanya usaha optimasi sumberdaya & improvement)','PJB , UBJOM JAWA & UBJOM LUAR JAWA\nReview progress meeting R1 sudah dilakukan dan dievaluasi melalui forum yang melibatkan bidang terkait (OME) , sudah ditetapkan prioritisasi program., database sudah di upload WEB Outage  75%≤x<100% (ter Update) ','Excellence (Mencapai keunggulan optimasi sumberdaya & continuous improvement)','PJB , UBJOM JAWA & UBJOM LUAR JAWA\nReview progress meeting R1 Rencana tindak lanjut rekomendasi sudah dilakukan dan dievaluasi melalui forum yang melibatkan bidang terkait (OME) , sudah ditetapkan prioritisasi program, database sudah di upload di WEB Outage 100% (ter Update) '),(464,134,'I1.3.2','Identifikasi Jadual & Scope pekerjaan, Performance Unit, Rekomendasi pemeliharaan RutinPM,CM,PdM dan','Identifikasi jadual, scope of work, baik yang standar maupun tambahan. \nNote : \nPerubahan Standard Job OH maka harus melalui proses reliability management dan telah disepakati bidang OME di Meeting R2.\n\nIdentifikasi performance unit (PKU, Hasil Assesment  peralatan, Daya mampu netto, efisiensi, jam operasi unit). \nNote : Sudah Terintegrasi dengan Reliability Mgt\n\nRekomendasi hasil dari pemeliharaan tactical dan  non tactical. \nNote : \nTactical/terencana (PM, PdM, FDT Realibilty Management), Non Tactical/tidak terencana (CR, EM)\n',NULL,'Fire Fighting (menunggu & memadamkan kebakaran)','PJB , UBJOM JAWA\nJadual dan scope OH sudah dibuat. Potret kondisi operasi unit & rekomendasi hasil pemeliharaan rutin (tactical dan non tactical) sudah   ditindaklanjuti  <35%. Telah dilakukan review dan update Standard Job.\nStandar job <35% sudah diterbitkan. \nUBJOM LUAR JAWA\nDokumen Jadual dan scoupe OH, Potret Kondisi Unit dan dokumen Rekomendasi Pemeliharaan sudah dibuat dalam bentuk manual','Stabilizing (Bertindak sebatas merespon kebakaran)','PJB , UBJOM JAWA & UBJOM LUAR JAWA\nJadual dan scope OH sudah dibuat.\nTelah dilakukan review dan update Standard Job.\nstandar job 35%≤x<60% sudah diterbitkan\nSudah memiliki data potret kondisi operasi unit dan rekomendasi hasil pemeliharaan rutin (tactical dan non tactical) 35%≤x<60% sudah ditindak lanjuti\nData base masih dalam aplikasi manual','Preventing (Ada usaha untuk melakukan pencegahan)','PJB , UBJOM JAWA & UBJOM LUAR JAWA\nJadual dan scope OH sudah dibuat.\nTelah dilakukan review dan update Standard Job.\nstandar job   60%≤x<80% sudah diterbitkan\nSudah memiliki data potret kondisi operasi unit dan rekomendasi hasil pemeliharaan rutin (tactical dan non tactical)  60%≤x<80% sudah ditindaklanjuti\nData base masih dalam aplikasi manual updated','Optimizing (Adanya usaha optimasi sumberdaya & improvement)','PJB , UBJOM JAWA & UBJOM LUAR JAWA\nJadual dan scope OH sudah dibuat\nTelah dilakukan review dan update Standard Job.\nstandar job 80%≤x<100% sudah diterbitkan\ndan Sudah memiliki data potret kondisi operasi unit dan rekomendasi hasil pemeliharaan rutin (tactical dan non tactical)  (80%≤x<100%) sudah ditindaklanjuti.\nData base sudah ada di SIT 80%≤x<100%\n','Excellence (Mencapai keunggulan optimasi sumberdaya & continuous improvement)','PJB , UBJOM JAWA & UBJOM LUAR JAWA\nJadual dan scope OH sudah dibuat\nTelah dilakukan review dan update Standard Job.\nStandard Job 100% sudah diterbitkan\nSudah memiliki data potret kondisi operasi unit, ditindaklanjuti dengan scope tambahan dan Data base sudah ada di Web MO dan QPR 100% updated dan terintegrasi.\nRekomendasihasil pemeliharaan rutin (tactical dan non tactical)  100%-sudah ditindaklanjuti.\nData base sudah ada di SIT 100% \n'),(465,134,'I1.3.3','Identifikasi Kebutuhan Material / Sparepart. ','Identifikasi kebutuhan sparepart utama/ spesifik dengan  delivery time 6 s.d 12 bulan serta penerbitan Issue Requisition / Recommended Order sebagaI dasar proses pengadaan.\n',NULL,'Fire Fighting (menunggu & memadamkan kebakaran)','PJB , UBJOM JAWA\nSpare part utama/ spesifik dengan  delivery time 6 s.d 12 bulan sudah di identifikasi <35%,  IR/ RO/PR belum diterbitkan. \nUBJOM LUAR JAWA\nSpare part utama/ spesifik dengan  delivery time 6 s.d 12 bulan sudah dibuat (manual)','Stabilizing (Bertindak sebatas merespon kebakaran)','PJB , UBJOM JAWA & UBJOM LUAR JAWA\nSpare part utama/ spesifik dengan  delivery time 6 s.d 12 bulan 35%≤x<60%  sudah di  identifikasi, IR/ RO sudah diterbitkan 35%≤x<60%dengan spesifikasi lengkap. Data base masih dalam aplikasi manual. ','Preventing (Ada usaha untuk melakukan pencegahan)','PJB , UBJOM JAWA & UBJOM LUAR JAWA\nSpare part utama/ spesifik dengan  delivery time 6 s.d 12 bulan 60%≤x<80%  sudah di identifikasi & IR/ RO sudah diterbitkan dengan spesifikasi lengkap.Data base masih dalam aplikasi manual updated. ','Optimizing (Adanya usaha optimasi sumberdaya & improvement)','PJB , UBJOM JAWA & UBJOM LUAR JAWA\nSpare part utama/ spesifik dengan  delivery time 6 s.d 12 bulan 80%≤x<100% sudah di identifikasi & IR/ RO sudah diterbitkan dengan spesifikasi lengkap.Data base sudah ada di web MO  80%≤x<100%updated.\n','Excellence (Mencapai keunggulan optimasi sumberdaya & continuous improvement)','PJB , UBJOM JAWA & UBJOM LUAR JAWA\nSpare part utama/ spesifik dengan  delivery time 6 s.d 12 bulan 100% sudah di identifikasi & IR/ RO sudah diterbitkan dengan spesifikasi lengkap.Data base sudah ada di web MO 100% updated dan terintegrasi '),(466,134,'I1.3.4','Monitoring & Pengendalian Kegiatan Hasil R1. ','Pengamatan terhadap konsistensi pertemuan /koordinasi dan proses kegiatan sesuai target yang ditetapkan antara lain: \nMonitoring proses pengadaan mulai dari TOR IR/PR/RO, HPS, PO, Levering. (Ellipse/ Maximo), rentang waktu  R1 s.d R2\nMaterial spesifik yang terkontrak.\n',NULL,'Fire Fighting (menunggu & memadamkan kebakaran)','PJB , UBJOM JAWA & UBJOM LUAR JAWA\nKegiatan monitoring dan pengendalian progres planning OH dilakukan sebanyak 2 kali dalam rentang  waktu R1 s.d R2','Stabilizing (Bertindak sebatas merespon kebakaran)','PJB , UBJOM JAWA & UBJOM LUAR JAWA\nKegiatan monitoring dan pengendalian progres planning OH dilakukan sebanyak 3 kali dalam rentang  waktu R1 s.d R2\nData base masih dalam aplikasi manual.','Preventing (Ada usaha untuk melakukan pencegahan)','PJB , UBJOM JAWA & UBJOM LUAR JAWA\nKegiatan monitoring dan pengendalian progres planning OH dilakukan sebanyak  4 kali. dalam rentang  waktu R1 s.d R2\nData base masih dalam aplikasi manual updated.','Optimizing (Adanya usaha optimasi sumberdaya & improvement)','PJB , UBJOM JAWA & UBJOM LUAR JAWA\nKegiatan monitoring dan pengendalian progres planning OH dilakukan sebanyak 5 kali dalam rentang  waktu R1 s.d R2. Data base sudah ada di Web MO <100%updated.','Excellence (Mencapai keunggulan optimasi sumberdaya & continuous improvement)','PJB , UBJOM JAWA & UBJOM LUAR JAWA\nKegiatan monitoring dan pengendalian progres planning OH dilakukan sebanyak 6 kali dalam rentang  waktu R1 s.d R2.Data base sudah ada di SIT 100% updated dan terintegrasi.'),(467,134,'I1.3.5','Efektivitas Pertemuan/ Koordinasi Antar Bidang/ Subdit. ','Efektifitas dari pertemuan/ koordinasi kegiatan outage management terkait dengan materi yang dibahas dan fungsi/ bidang  yang terlibat. \n1, Materi yang dibahas meliputi:\nRencana Tindak Lanjut.\nJadual & Scope OH.\nInformasi dari Bidang terkait\nTerintegrasi dengan WPC Mgt, terkait resourse mgt (Tools & Sdm).\n2. Peserta yang diundang  dari  Eksekutor :\nM. Project/  K. PLTA/ M. Tek/ M Renbintek , Spv./Koord. Mesin, Listrik, Kontrol,  Enjinering, Rendal  Har & Staf. Teknisi.\n3. Peserta yang diundang  dari  Pemberi Kerja :\nM. Har/ M. Eng,  Staff, Spvs  MO & Staf, Spvs Rendal Har & Staf, Spvs Mesin, Listrik, Kontrol, Spvs Rendal Ops, Spvs Produksi. \n4. Jumlah Peserta yang hadir\n',NULL,'Fire Fighting (menunggu & memadamkan kebakaran)','PJB & UBJOM JAWA\nPertemuan kegiatan R1 dilaksanakan dalam range waktu lebih dari 21 hari dari tanggal yang ditetapkan\nUBJOM LUAR JAWA\nMeeting R2 dilaksanakan','Stabilizing (Bertindak sebatas merespon kebakaran)','PJB & UBJOM JAWA\nPertemuan kegiatan R2 dilaksanakan dengan peserta 35%≤x<60%undangan (perfungsi). Materi yang dibahas 35%≤x<60%%. Pertemuan kegiatan R2 dilaksanakan dalam range waktu 15≤x<21 hari dari tanggal yang ditetapkan.  Data base masih dalam aplikasi manual \nUBJOM LUAR JAWA\nMeeting R2 dilaksanakan dengan peserta 35%≤x<60% undangan (perfungsi)','Preventing (Ada usaha untuk melakukan pencegahan)','PJB , UBJOM JAWA & UBJOM LUAR JAWA\nPertemuan kegiatan R2 dilaksanakan dengan peserta  60%≤x<80% undangan (perfungsi).Materi yang dibahas  60%≤x<80%. Pertemuan kegiatan R2 dilaksanakan dalam range waktu 7≤x<15 hari dari tanggal yang ditetapkan. Data base masih dalam aplikasi manual','Optimizing (Adanya usaha optimasi sumberdaya & improvement)','PJB , UBJOM JAWA & UBJOM LUAR JAWA\nPertemuan kegiatan R2 dilaksanakan dengan peserta 80%≤x<100 undangan perfungsi dan salah satu manajer. Materi yang dibahas 80%≤x<100. Pertemuan kegiatan R2 dilaksanakan dalam range waktu 1≤x<7 hari dari tanggal yang ditetapkan Data base sudah ada di SIT 80%≤x<100 updated. ','Excellence (Mencapai keunggulan optimasi sumberdaya & continuous improvement)','PJB , UBJOM JAWA & UBJOM LUAR JAWA\nPertemuan kegiatan R2 dilaksanakan dengan peserta 100% undangan perfungsi dan kedua manajer (pemberi kerja & eksekutor). Materi yang dibahas 100%. Pertemuan kegiatan R2 dilaksanakan sesuai tanggal yang ditetapkan. Data base sudah ada di SIT 100% updated dan terintegrasi. '),(468,135,'I1.4.1','Review Progress Meeting R2 &Hasil OH Yang Telah Dilaksanakan ','Review tindak lanjut meeting R2, hasil evaluasi, rekomendasi & rencana tindak lanjut OH yang sudah dilaksanakan sebaga input planning. \n(Note : tindak lanjut = sudah ada rencana penetapan action plan, target dan PIC oleh Planner Outage) \nUp-date : Data terkini/terbaru setelah dilakukan Review oleh Planner.\nTerintegrasi : data dapat dishare oleh Bidang lain yang terkait, database ada di WEB Outage & QPR (ter up-date).\n',NULL,'Fire Fighting (menunggu & memadamkan kebakaran)','PJB , UBJOM JAWA \nReview progress meeting R2 sudah dilakukan tindak lanjut untuk planning OH berikutnya.tanpa melibatkan bidang lain\nUBJOM LUAR JAWA\nMeeting R3 dilaksanakan ','Stabilizing (Bertindak sebatas merespon kebakaran)','PJB , UBJOM JAWA \nReview progress meeting R2 sudah ada,  rekomendasi tindak lanjut, program , target dan PIC sudah ditetapkan, namun belum dilakukan prioritisasi, database masih manual  \nUBJOM LUAR JAWA\nReview progress meeting R2 sudah ada rekomendasi tindak lanjut, program','Preventing (Ada usaha untuk melakukan pencegahan)','PJB , UBJOM JAWA & UBJOM LUAR JAWA\nReview progress meeting R2 sudah dilakukan, dievaluasi melalui forum yang melibatkan bidang terkait (OME) dan sudah dilakukan kajian enjinering , belum ditetapkan prioritisasi program, Database sudah di upload di WEB Outage  50%≤x<75% (ter Update)','Optimizing (Adanya usaha optimasi sumberdaya & improvement)','PJB , UBJOM JAWA & UBJOM LUAR JAWA\nReview progress meeting R2 sudah dilakukan dan dievaluasi melalui forum yang melibatkan bidang terkait (OME) , sudah ditetapkan prioritisasi program., database sudah di upload WEB Outage  75%≤x<100% (ter Update) ','Excellence (Mencapai keunggulan optimasi sumberdaya & continuous improvement)','PJB , UBJOM JAWA & UBJOM LUAR JAWA\nReview progress meeting R2 Rencana tindak lanjut rekomendasi sudah dilakukan dan dievaluasi melalui forum yang melibatkan bidang terkait (OME) , sudah ditetapkan prioritisasi program, database sudah di upload di WEB Outage 100% (ter Update) '),(469,135,'I1.4.2','Identifikasi Jadual & Scope pekerjaan, Performance Unit, Rekomendasi pemeliharaan RutinPM,CM,PdM dan','Identifikasi jadual, scope of work, baik yang standar maupun tambahan. Dan sudah diterbitkan WO OH Standart & tambahan serta PIC. \nNote : \nPerubahan Standard Job OH maka harus melalui proses reliability management dan telah disepakati bidang OME di Meeting R3.\nWO standart sesuai skope OH  dan WO Tambahan sesuai dengan kesepakatan\nIdentifikasi performance unit (PKU, Hasil Assesment  peralatan, Daya mampu netto, efisiensi, jam operasi unit). \nNote : Sudah Terintegrasi dengan Reliability Mgt\nRekomendasi hasil dari pemeliharaan tactical dan  non tactical. \nNote : \nTactical/terencana (PM, PdM, FDT Realibilty Management), Non Tactical/tidak terencana (CR, EM)\n',NULL,'Fire Fighting (menunggu & memadamkan kebakaran)','PJB , UBJOM JAWA\nJadual dan scope OH belum dibuat, potret kondisi operasi unit & Rekomendasi hasil pemeliharaan rutin (tactical dan non tactical) sudah   ditindaklanjuti  <35% , Telah dilakukan review dan update Standard Job.\nWO OH <35% sudah diterbitkan. \nUBJOM LUAR JAWA\nDokumen Jadual dan scoupe OH, Potret Kondisi Unit dan dokumen Rekomendasi Pemeliharaan dalam bentuk manual','Stabilizing (Bertindak sebatas merespon kebakaran)','PJB , UBJOM JAWA & UBJOM LUAR JAWA\nJadual dan scope OH sudah dibuat, Telah dilakukan review dan update Standard Job, WO OH 35%≤x<60% sudah diterbitkan.\nSudah memiliki data potret kondisi operasi unit dan Rekomendasi hasil pemeliharaan rutin (tactical dan non tactical) 35%≤x<60% sudah ditindak lanjuti.\nData base masih dalam aplikasi manual.','Preventing (Ada usaha untuk melakukan pencegahan)','PJB , UBJOM JAWA & UBJOM LUAR JAWA\nJadual dan scope OH sudah dibuat, Telah dilakukan review dan update Standard Job, WO OH 60%≤x<80% sudah diterbitkan.\nSudah memiliki data potret kondisi operasi unit dan Rekomendasi hasil pemeliharaan rutin (tactical dan non tactical)  60%≤x<80% sudah ditindaklanjuti.\nData base masih dalam aplikasi manual updated.\n','Optimizing (Adanya usaha optimasi sumberdaya & improvement)','PJB , UBJOM JAWA & UBJOM LUAR JAWA\nJadual dan scope OH sudah dibuat, Telah dilakukan review dan update Standard Job, WO OH 80%≤x<100  sudah diterbitkan. updated.\nSudah memiliki data potret kondisi operasi unit, ditindaklanjuti menjadi scope tambahan.\nRekomendasihasil pemeliharaan rutin (tactical dan non tactical)  80%≤x<100 -sudah ditindaklanjuti.\nData base sudah ada di SIT, 80%≤x<100 \n','Excellence (Mencapai keunggulan optimasi sumberdaya & continuous improvement)','PJB , UBJOM JAWA & UBJOM LUAR JAWA\nJadual dan scope OH sudah dibuat, Telah dilakukan review dan update Standard Job, WO OH 100% sudah diterbitkan.Data base sudah ada di Web MO dan QPR  100% updated dan terintegrasi.\nSudah memiliki data potret kondisi operasi unit, ditindaklanjuti dengan scope tambahan dan Data base sudah ada di Web MO dan QPR 100% updated dan terintegrasi.\nRekomendasihasil pemeliharaan rutin (tactical dan non tactical)  100%-sudah ditindaklanjuti.\nData base sudah ada di SIT 100% '),(470,135,'I1.4.3','Identifikasi Kebutuhan Material / Sparepart. ','Identifikasi kebutuhan sparepart spesifik sesuai delivery time serta penerbitan Issue Requisition / Recommended Order sebagaI dasar proses pengadaan.\n',NULL,'Fire Fighting (menunggu & memadamkan kebakaran)','PJB , UBJOM JAWA\nSpare part utama/ spesifik dengan  delivery time 3s.d 6 bulan sudah di identifikasi <35%,  IR/ RO/PR belum diterbitkan. \nUBJOM LUAR JAWA\nSpare part utama/ spesifik dengan  delivery time 3s.d 6 bulan sudah dibuat (manual)','Stabilizing (Bertindak sebatas merespon kebakaran)','PJB , UBJOM JAWA & UBJOM LUAR JAWA\nSpare part utama/ spesifik dengan  delivery time 3 s.d 6 bulan 35%≤x<60%  sudah di  identifikasi, IR/ RO sudah diterbitkan 35%≤x<60%dengan spesifikasi lengkap. Data base masih dalam aplikasi manual. ','Preventing (Ada usaha untuk melakukan pencegahan)','PJB , UBJOM JAWA & UBJOM LUAR JAWA\nSpare part utama/ spesifik dengan  delivery time 3 s.d 6 bulan 60%≤x<80%  sudah di identifikasi & IR/ RO sudah diterbitkan dengan spesifikasi lengkap. Data base masih dalam aplikasi manual updated. ','Optimizing (Adanya usaha optimasi sumberdaya & improvement)','PJB , UBJOM JAWA & UBJOM LUAR JAWA\nSpare part utama/ spesifik dengan  delivery time 3 s.d 6 bulan 80%≤x<100% sudah di identifikasi & IR/ RO sudah diterbitkan dengan spesifikasi lengkap.Data base sudah ada di web MO  80%≤x<100%updated.\n','Excellence (Mencapai keunggulan optimasi sumberdaya & continuous improvement)','PJB , UBJOM JAWA & UBJOM LUAR JAWA\nSpare part utama/ spesifik dengan  delivery time 3 s.d 6 bulan 100% sudah di identifikasi & IR/ RO sudah diterbitkan dengan spesifikasi lengkap.Data base sudah ada di web MO 100% updated dan terintegrasi '),(471,135,'I1.4.4','Monitoring & Pengendalian Kegiatan Hasil . ','Pengamatan terhadap konsistensi pertemuan /koordinasi dan proses kegiatan sesuai target yang ditetapkan antara lain: \nMonitoring proses pengadaan mulai dari TOR IR/PR/RO, HPS, PO, Levering. (Ellipse/ Maximo), rentang waktu  R2 s.d R3\nMaterial spesifik yang terkontrak.\n',NULL,'Fire Fighting (menunggu & memadamkan kebakaran)','PJB , UBJOM JAWA & UBJOM LUAR JAWA\nKegiatan monitoring dan pengendalian progres planning OH dilakukan sebanyak 2 kali dalam rentang  waktu R1 s.d R2','Stabilizing (Bertindak sebatas merespon kebakaran)','PJB , UBJOM JAWA & UBJOM LUAR JAWA\nKegiatan monitoring dan pengendalian progres planning OH dilakukan sebanyak 3 kali dalam rentang  waktu R2 s.d R3\nData base masih dalam aplikasi manual.','Preventing (Ada usaha untuk melakukan pencegahan)','PJB , UBJOM JAWA & UBJOM LUAR JAWA\nKegiatan monitoring dan pengendalian progres planning OH dilakukan sebanyak 4 kali. dalam rentang  waktu R2 s.d R3\nData base masih dalam aplikasi manual updated.','Optimizing (Adanya usaha optimasi sumberdaya & improvement)','PJB , UBJOM JAWA & UBJOM LUAR JAWA\nKegiatan monitoring dan pengendalian progres planning OH dilakukan sebanyak 5 kali dalam rentang  waktu R2 s.d R3. Data base sudah ada di Web MO <100%updated.','Excellence (Mencapai keunggulan optimasi sumberdaya & continuous improvement)','PJB , UBJOM JAWA & UBJOM LUAR JAWA\nKegiatan monitoring dan pengendalian progres planning OH dilakukan sebanyak 6 kali dalam rentang  waktu R2 s.d R3.Data base sudah ada di SIT 100% updated dan terintegrasi.\n'),(472,135,'I1.4.5','Efektivitas Pertemuan/ Koordinasi Antar Bidang/ Subdit. ','Efektifitas dari pertemuan/ koordinasi kegiatan outage management terkait dengan materi yang dibahas dan fungsi/ bidang  yang terlibat. \n1, Materi yang dibahas meliputi:\nRencana Tindak Lanjut.\nJadual & Scope OH.\nInformasi dari Bidang terkait\nTerintegrasi dengan WPC Mgt, terkait resourse mgt (Tools & Sdm).\n2. Peserta yang diundang  dari  Eksekutor :\nM. Project/  K. PLTA/ M. Tek/ M Renbintek , Spv./Koord. Mesin, Listrik, Kontrol,  Enjinering, Rendal  Har & Staf. Teknisi.\n3. Peserta yang diundang  dari  Pemberi Kerja :\nM. Har/ M. Eng,  Staff, Spvs  MO & Staf, Spvs Rendal Har & Staf, Spvs Mesin, Listrik, Kontrol, Spvs Rendal Ops, Spvs Produksi. \n4. Jumlah Peserta yang hadir\n\n\n',NULL,'Fire Fighting (menunggu & memadamkan kebakaran)','PJB & UBJOM JAWA\nPertemuan kegiatan R3 dilaksanakan dalam range waktu lebih dari 21 hari dari tanggal yang ditetapkan\n UBJOM LUAR JAWA\nPertemuan kegiatan R3 dilaksanakan','Stabilizing (Bertindak sebatas merespon kebakaran)','PJB , UBJOM JAWA\nPertemuan kegiatan R3 dilaksanakan dengan peserta 35%≤x<60%undangan (perfungsi). Materi yang dibahas 35%≤x<60%%. Pertemuan kegiatan R3 dilaksanakan dalam range waktu 15≤x<21 hari dari tanggal yang ditetapkan.  Data base masih dalam aplikasi manual \nUBJOM LUAR JAWA\nPertemuan kegiatan R3 dilaksanakan dengan peserta 35%≤x<60%undangan (perfungsi','Preventing (Ada usaha untuk melakukan pencegahan)','PJB , UBJOM JAWA & UBJOM LUAR JAWA\nPertemuan kegiatan R3 dilaksanakan dengan peserta  60%≤x<80% undangan (perfungsi).Materi yang dibahas  60%≤x<80%. Pertemuan kegiatan R3 dilaksanakan dalam range waktu 7≤x<15 hari dari tanggal yang ditetapkan. Data base masih dalam aplikasi manual','Optimizing (Adanya usaha optimasi sumberdaya & improvement)','PJB , UBJOM JAWA & UBJOM LUAR JAWA\nPertemuan kegiatan R3 dilaksanakan dengan peserta 80%≤x<100 undangan perfungsi dan salah satu manajer. Materi yang dibahas 80%≤x<100. Pertemuan kegiatan R3 dilaksanakan dalam range waktu 1≤x<7 hari dari tanggal yang ditetapkan Data base sudah ada di SIT 80%≤x<100 updated. ','Excellence (Mencapai keunggulan optimasi sumberdaya & continuous improvement)','PJB , UBJOM JAWA & UBJOM LUAR JAWA\nPertemuan kegiatan R3 dilaksanakan dengan peserta 100% undangan perfungsi dan kedua manajer (pemberi kerja & eksekutor). Materi yang dibahas 100%. Pertemuan kegiatan R3 dilaksanakan sesuai tanggal yang ditetapkan. Data base sudah ada di SIT 100% updated dan terintegrasi. \n'),(473,136,'I1.5.1','Review Progress Meeting R3 & Hasil OH Yang Telah Dilaksanakan ','Review tindak lanjut meeting  R3, hasil evaluasi, rekomendasi & rencana tindak lanjut OH yang sudah dilaksanakan sebaga input planning. \n(Note : tindak lanjut = sudah ada rencana penetapan action plan, target dan PIC oleh Planner Outage) \nUp-date : Data terkini/terbaru setelah dilakukan Review oleh Planner.\nTerintegrasi : data dapat dishare oleh Bidang lain yang terkait, database ada di WEB Outage & QPR (ter up-date).\n',NULL,'Fire Fighting (menunggu & memadamkan kebakaran)','PJB , UBJOM JAWA \nReview progress meeting R3 sudah dilakukan tindak lanjut untuk planning OH berikutnya.tanpa melibatkan bidang lain \nUBJOM LUAR JAWA\nMeeting P1 dilaksanakan','Stabilizing (Bertindak sebatas merespon kebakaran)','PJB , UBJOM JAWA \nReview progress meeting R3 sudah ada,  rekomendasi tindak lanjut, program , target dan PIC sudah ditetapkan, namun belum dilakukan prioritisasi, database masih manual  \nUBJOM LUAR JAWA\nReview progress meeting R2 sudah ada rekomendasi tindak lanjut, program','Preventing (Ada usaha untuk melakukan pencegahan)','PJB , UBJOM JAWA & UBJOM LUAR JAWA\nReview progress meeting R3 sudah dilakukan, dievaluasi melalui forum yang melibatkan bidang terkait (OME) dan sudah dilakukan kajian enjinering , belum ditetapkan prioritisasi program, Database sudah di upload di WEB Outage  50%≤x<75% (ter Update)','Optimizing (Adanya usaha optimasi sumberdaya & improvement)','PJB , UBJOM JAWA & UBJOM LUAR JAWA\nReview progress meeting R3 sudah dilakukan dan dievaluasi melalui forum yang melibatkan bidang terkait (OME) , sudah ditetapkan prioritisasi program., database sudah di upload WEB Outage  75%≤x<100% (ter Update) ','Excellence (Mencapai keunggulan optimasi sumberdaya & continuous improvement)','PJB , UBJOM JAWA & UBJOM LUAR JAWA\nReview progress meeting R3 Rencana tindak lanjut rekomendasi sudah dilakukan dan dievaluasi melalui forum yang melibatkan bidang terkait (OME) , sudah ditetapkan prioritisasi program, database sudah di upload di WEB Outage 100% (ter Update) '),(474,136,'I1.5.2','Identifikasi Jadual & Scope pekerjaan, Performance Unit, Rekomendasi pemeliharaan RutinPM,CM,PdM dan','Identifikasi jadual, scope of work, baik yang standar maupun tambahan. Dan sudah diterbitkan WO OH Standart & tambahan serta PIC. \nNote : \nWO standart sesuai skope OH  dan WO Tambahan sesuai dengan kesepakatan\nIdentifikasi performance unit (PKU, Hasil Assesment  peralatan, Daya mampu netto, efisiensi, jam operasi unit). \nNote : Sudah Terintegrasi dengan Reliability Mgt\nRekomendasi hasil dari pemeliharaan tactical dan  non tactical. \nNote : \nTactical/terencana (PM, PdM, FDT Realibilty Management), Non Tactical/tidak terencana (CR, EM)\n',NULL,'Fire Fighting (menunggu & memadamkan kebakaran)','PJB , UBJOM JAWA\nJadual dan scope OH belum dibuat, potret kondisi operasi unit & Rekomendasi hasil pemeliharaan rutin (tactical dan non tactical) sudah   ditindaklanjuti  <35% , WO OH <35% sudah diterbitkan.  \nUBJOM LUAR JAWA\nDokumen Jadual dan scoupe OH, Potret Kondisi Unit dan dokumen Rekomendasi Pemeliharaan dalam bentuk manual','Stabilizing (Bertindak sebatas merespon kebakaran)','PJB , UBJOM JAWA & UBJOM LUAR JAWA\nJadual dan scope OH sudah dibuat, WO OH 35%≤x<60% sudah diterbitkan.\nSudah memiliki data potret kondisi operasi unit dan Rekomendasi hasil pemeliharaan rutin (tactical dan non tactical) 35%≤x<60% sudah ditindak lanjuti.\nData base masih dalam aplikasi manual.','Preventing (Ada usaha untuk melakukan pencegahan)','PJB , UBJOM JAWA & UBJOM LUAR JAWA\nJadual dan scope OH sudah dibuat, WO OH 60%≤x<80% sudah diterbitkan.\nSudah memiliki data potret kondisi operasi unit dan Rekomendasi hasil pemeliharaan rutin (tactical dan non tactical)  60%≤x<80% sudah ditindaklanjuti.\nData base masih dalam aplikasi manual updated.','Optimizing (Adanya usaha optimasi sumberdaya & improvement)','PJB , UBJOM JAWA & UBJOM LUAR JAWA\nJadual dan scope OH sudah dibuat, WO OH 80%≤x<100  sudah diterbitkan. updated.\nSudah memiliki data potret kondisi operasi unit, ditindaklanjuti menjadi scope tambahan.\nRekomendasihasil pemeliharaan rutin (tactical dan non tactical)  80%≤x<100 -sudah ditindaklanjuti.\nData base sudah ada di SIT, 80%≤x<100 \n','Excellence (Mencapai keunggulan optimasi sumberdaya & continuous improvement)','PJB , UBJOM JAWA & UBJOM LUAR JAWA\nJadual dan scope OH sudah dibuat, WO OH 100% sudah diterbitkan.Data base sudah ada di Web MO dan QPR  100% updated dan terintegrasi.\nSudah memiliki data potret kondisi operasi unit, ditindaklanjuti dengan scope tambahan dan Data base sudah ada di Web MO dan QPR 100% updated dan terintegrasi.\nRekomendasihasil pemeliharaan rutin (tactical dan non tactical)  100%-sudah ditindaklanjuti.\nData base sudah ada di SIT 100% '),(475,136,'I1.5.3','Kesiapan Spare-part Spesifik & Material Umum. ','Kesiapan Sparepart Spesifik & Material Umum. sesuai delivery time serta penerbitan Issue Requisition / Recommended Order sebagaI dasar proses pengadaan.\n',NULL,'Fire Fighting (menunggu & memadamkan kebakaran)','PJB , UBJOM JAWA\nSpare part utama/ spesifik dan umum di identifikasi <35% sudah di identifikasi dan IR/ RO<35%  diterbitkan.\nUBJOM LUAR JAWA\nSpare part utama/ spesifik dan umum di identifikasi\n','Stabilizing (Bertindak sebatas merespon kebakaran)','PJB , UBJOM JAWA & UBJOM LUAR JAWA\nSpare part utama/ spesifik dan umum 35%≤x<60%  sudah di  identifikasi &  35%≤x<60% IR/ RO sudah diterbitkan dengan spesifikasi lengkap. \n','Preventing (Ada usaha untuk melakukan pencegahan)','PJB , UBJOM JAWA & UBJOM LUAR JAWA\nSpare part utama/ spesifik dan umum 60%≤x<80% sudah di identifikasi &60%≤x<80%   IR/ RO sudah diterbitkan dengan spesifikasi lengkap.Data base masih dalam aplikasi manual updated.','Optimizing (Adanya usaha optimasi sumberdaya & improvement)','PJB , UBJOM JAWA & UBJOM LUAR JAWA\nSpare part utama/ spesifik dan umum 80%≤x<100% sudah di identifikasi &80%≤x<100% IR/ RO sudah diterbitkan dengan spesifikasi lengkap.\nData base sudah ada di web MO 75% updated.','Excellence (Mencapai keunggulan optimasi sumberdaya & continuous improvement)','PJB , UBJOM JAWA & UBJOM LUAR JAWA\nSpare part utama/ spesifik dan umum100% sudah di identifikasi & IR/ RO sudah diterbitkan dengan spesifikasi lengkap.Data base sudah ada di web MO 100% updated dan terintegrasi'),(476,136,'I1.5.4','Monitoring & Pengendalian Kegiatan Hasil  R3 ','Pengamatan terhadap konsistensi pertemuan /koordinasi dan proses kegiatan sesuai target yang ditetapkan antara lain: \nMonitoring proses pengadaan mulai dari TOR IR/PR/RO, HPS, PO, Levering. (Ellipse/ Maximo), rentang waktu  R3 s.d P1\nMaterial spesifik dan umum yang terkontrak.\n',NULL,'Fire Fighting (menunggu & memadamkan kebakaran)','PJB , UBJOM JAWA & UBJOM LUAR JAWA\nKegiatan monitoring dan pengendalian progres planning OH dilakukan sebanyak 2 kali dalam rentang  waktu R3 s.d P1\nData base masih dalam aplikasi manual.','Stabilizing (Bertindak sebatas merespon kebakaran)','PJB , UBJOM JAWA & UBJOM LUAR JAWA\nKegiatan monitoring dan pengendalian progres planning OH dilakukan sebanyak 3 kali dalam rentang  waktu R3 s.d P1\nData base masih dalam aplikasi manual.\n','Preventing (Ada usaha untuk melakukan pencegahan)','PJB , UBJOM JAWA & UBJOM LUAR JAWA\nKegiatan monitoring dan pengendalian progres planning OH dilakukan sebanyak 4 kali. dalam rentang  waktu R3 s.d P1\nData base masih dalam aplikasi manual updated.\n','Optimizing (Adanya usaha optimasi sumberdaya & improvement)','PJB , UBJOM JAWA & UBJOM LUAR JAWA\nKegiatan monitoring dan pengendalian progres planning OH dilakukan sebanyak 5 kali dalam rentang  waktu R3 s.d P1 Data base sudah ada di Web MO <100%updated.\n','Excellence (Mencapai keunggulan optimasi sumberdaya & continuous improvement)','PJB , UBJOM JAWA & UBJOM LUAR JAWA\nKegiatan monitoring dan pengendalian progres planning OH dilakukan sebanyak 6 kali dalam rentang  waktu R3 s.d P1.Data base sudah ada di SIT 100% updated dan terintegrasi.\n'),(477,136,'I1.5.5','Perencanaan Critical Task','Identifikasi critical task yang berpengaruh pada pada jalannya keseluruhan OH. Pada pembuatan jadwal OH maupun kurva s harus memaskukkan semua scope OH baik itu standard scope ataupun add scope. Dari jadwal tersebut, diidentifikasi juga jadwal pelaksanaan critical tasknya (baik itu standar scope atau add scope)  mulai P1 s.d P3',NULL,'Fire Fighting (menunggu & memadamkan kebakaran)','\'WBS sudah ada, tetapi belum ada identifikasi critical path','Stabilizing (Bertindak sebatas merespon kebakaran)','\' critical path sudah teridentifikasi, tetapi belum ada identifikasi critical task atau critical task yang diidentifikasi masih untuk standard job','Preventing (Ada usaha untuk melakukan pencegahan)','\' critical path sudah teridentifikasi, tetapi belum ada identifikasi critical task atau critical task yang diidentifikasi masih untuk standard job dan scope tambahan','Optimizing (Adanya usaha optimasi sumberdaya & improvement)','\'Critical task telah diidentifikasi dan merupakan bagian dari critical path dan resource untuk critical task sudah teridentifikasi (FTK, material, tools)','Excellence (Mencapai keunggulan optimasi sumberdaya & continuous improvement)','\'Critical task telah diidentifikasi dan merupakan bagian dari critical path dan resource untuk critical task sudah teridentifikasi (FTK, material, tools) sudah diupload pada SIT dan sudah konsisten dilakukan selama 3 tahun'),(478,136,'I1.5.6','Efektivitas Pertemuan/ Koordinasi Antar Bidang/ Subdit. ','Efektifitas dari pertemuan/ koordinasi kegiatan outage management terkait dengan materi yang dibahas dan fungsi/ bidang  yang terlibat. \n1, Materi yang dibahas meliputi:\nRencana Tindak Lanjut.\nJadual & Scope OH.\nInformasi dari Bidang terkait\nTerintegrasi dengan WPC Mgt, terkait resourse mgt (Tools & Sdm).\n2. Peserta yang diundang  dari  Eksekutor :\nM. Project/  K. PLTA/ M. Tek/ M Renbintek , Spv./Koord. Mesin, Listrik, Kontrol,  Enjinering, Rendal  Har & Staf. Teknisi.\n3. Peserta yang diundang  dari  Pemberi Kerja :\nM. Har/ M. Eng,  Staff, Spvs  MO & Staf, Spvs Rendal Har & Staf, Spvs Mesin, Listrik, Kontrol, Spvs Rendal Ops, Spvs Produksi. \n4. Jumlah Peserta yang hadir\n\n\n',NULL,'Fire Fighting (menunggu & memadamkan kebakaran)','PJB , UBJOM JAWA\nPertemuan kegiatan P1 dilaksanakan dalam range waktu lebih dari 21 hari dari tanggal yang ditetapkan\nUBJOM LUAR JAWA\nPertemuan kegiatan P1 dilaksanaka','Stabilizing (Bertindak sebatas merespon kebakaran)','PJB , UBJOM JAWA & UBJOM LUAR JAWA\nPertemuan kegiatan P1 dilaksanakan dengan peserta 35%≤x<60%undangan (perfungsi). Materi yang dibahas 35%≤x<60%%. Pertemuan kegiatan P1 dilaksanakan dalam range waktu ≥ 15 hari dari tanggal yang ditetapkan.  Data base masih dalam aplikasi manual \n','Preventing (Ada usaha untuk melakukan pencegahan)','PJB , UBJOM JAWA & UBJOM LUAR JAWA\nPertemuan kegiatan P1 dilaksanakan dengan peserta  60%≤x<80% undangan (perfungsi).Materi yang dibahas  60%≤x<80%. Pertemuan kegiatan P1 dilaksanakan dalam range waktu 7≤x<15 hari dari tanggal yang ditetapkan. Data base masih dalam aplikasi manual\n','Optimizing (Adanya usaha optimasi sumberdaya & improvement)','PJB , UBJOM JAWA & UBJOM LUAR JAWA\nPertemuan kegiatan P1 dilaksanakan dengan peserta 80%≤x<100 undangan perfungsi dan salah satu manajer. Materi yang dibahas 80%≤x<100. Pertemuan kegiatan P1 dilaksanakan dalam range waktu 1≤x<7 hari dari tanggal yang ditetapkan Data base sudah ada di SIT 80%≤x<100 updated. \n','Excellence (Mencapai keunggulan optimasi sumberdaya & continuous improvement)','PJB , UBJOM JAWA & UBJOM LUAR JAWA\nPertemuan kegiatan P1 dilaksanakan dengan peserta 100% undangan perfungsi dan kedua manajer (pemberi kerja & eksekutor). Materi yang dibahas 100%. Pertemuan kegiatan P1 dilaksanakan sesuai tanggal yang ditetapkan. Data base sudah ada di SIT 100% updated dan terintegrasi. \n'),(479,136,'I1.5.7','Implementasi Management Tools  ','Efektifitas manajemen tools mulai dari identifikasi, pengelolaan kesiapan dan ketersediaan tools meliputi :\n1. Pengkategorian (kategori penggunaan, aset, pemeliharaan dan operator tools)\n2. Manajemen penyimpanan\n3. Penjadwalan pemakaian tools (tools spesifik)\n4. Memastikan standard tools berdasarkan kriteria jenis pembangkit.\n5. Data tools aktiva tetap selalu update.\n6. Update sertifikasi tools  ',NULL,'Fire Fighting (menunggu & memadamkan kebakaran)','Pengelolaan Tool dilakukan secara manual baik kategori penggunaan, kategeori aset, kategori pemeliharaan dan dokumen sertifikasi','Stabilizing (Bertindak sebatas merespon kebakaran)','Pengelolaan Toolsudah dilakukan di Web Management Tool dengan  pengisian < 35% seperti spesifikasi, Foto, kategori penggunaan, Aset, pemeliharaan, dokumen sertifikasi serta transaksi peminjaman Tool.','Preventing (Ada usaha untuk melakukan pencegahan)','Pengelolaan Toolsudah dilakukan di Web Management Tool dengan  pengisian 35%≤x<60% seperti spesifikasi, Foto, kategori penggunaan, Aset, pemeliharaan, dokumen sertifikasi serta transaksi peminjaman Tool.','Optimizing (Adanya usaha optimasi sumberdaya & improvement)','Pengelolaan Toolsudah dilakukan di Web Management Tool dengan  pengisian 80%≤x<100% seperti spesifikasi, Foto, kategori penggunaan, Aset, pemeliharaan, dokumen sertifikasi serta transaksi peminjaman Tool.','Excellence (Mencapai keunggulan optimasi sumberdaya & continuous improvement)','Pengelolaan Toolsudah dilakukan di Web Management Tool dengan  pengisian 100 % seperti spesifikasi, Foto, kategori penggunaan, Aset, pemeliharaan, dokumen sertifikasi serta transaksi peminjaman Tool. Sudah dilakukan evaluasi efektifeness Tool dan pengambilan keputusan penyediaan Tool (Sewa, Beli, Pinjam)'),(480,136,'I1.5.8','Perencanaan instruksi kerja, kebutuhan resources, dan material dalam EAMS','Menunjukkan bagaimana proses perencanaan langkah kerja, kompetensi, manhours teknisi, serta material yang dibutuhkan dalam pemeliharaan untuk kemudian dituliskan dalam EAMS',NULL,'Fire Fighting (menunggu & memadamkan kebakaran)','- Job instruction tidak diisi\n- Tidak menyertakan kebutuhan kompetensi teknisi dan estimasi manhournya\n- Tidak ada kebutuhan material. Material diidentifikasi saat teknisi mulai mengerjakan pekerjaan','Stabilizing (Bertindak sebatas merespon kebakaran)','- Job instruction pada WO hanya diisi klausul standar dari standard job template.\n- Estimasi waktu bersifat umum, dinyatakan dalam satuan hari\n- Material diidentifikasi teknisi saat mengerjakan yang kemudian dimintakan Rendalhar. Akibatnya perencanaan sering tidak akurat dan terjadi delay eksekusi pekerjaan.\n- 35% work order telah diidentifikasi kebutuhan resource-nya','Preventing (Ada usaha untuk melakukan pencegahan)','- Urutan job instruction sudah mulai spesifik pada setiap pekerjaan. Untuk WO Tambahan sudah mengacu job site visit . Job instruction masih bersifat kualitatif dan tidak menyertakan kebutuhan tool\n- Perencanaan manhours jauh lebih akurat meski masih terjadi kesalahan.\n- Material ditentukan berdasar historis pemeliharaan sebelumnya, namun masih muncul kebutuhan material yang tidak diprediksi 35%  < x < 60%\n- 35%  < x < 60% work order telah diidentifikasi kebutuhan resource-nya','Optimizing (Adanya usaha optimasi sumberdaya & improvement)','- Job instruction berisi detail langkah kerja, mulai pekerjaan pendahuluan, pekerjaan inti, dan pekerjaan penutup. Job instruction bersifat kualitatif. Tool yang dibutuhkan hanya disebutkan bersifat umum pada semua langkah kerja\n- Estimasi manhours sudah mulai detail pada setiap task (di EAM Ellipse menggunakan modul task assignment) untuk diroll up pada total task\n- Perencanaan material sudah memanfaatkan BOM Management sehingga job delay sudah jarang terjadi\n- 75% work order telah diidentifikasi kebutuhan resource-nya','Excellence (Mencapai keunggulan optimasi sumberdaya & continuous improvement)','- Job instruction berisi detail langkah kerja, mulai pekerjaan pendahuluan, pekerjaan inti, dan pekerjaan penutup. Job instruction bersifat kuantitatif dengan menyertakan parameter pada setiap langkah. Tool yang dibutuhkan juga sudah didetailkan pada setiap langkah kerja\n- Memenuhi level 4, dan sudah melibatkan standard job/job plan dalam merencanakan resources yang dievaluasi berdasar inputan feedback dari teknisi\n- Memenuhi level 4, dan sudah dilakukan koreksi mengacu historis pemeliharaan sebelumnya\n- 100% work order telah diidentifikasi kebutuhan resource-nya'),(481,137,'I1.6.1','Review Progress Meeting P1 & Hasil OH Yang Telah Dilaksanakan. ','Review tindak lanjut meeting  P2, hasil evaluasi, rekomendasi & rencana tindak lanjut OH yang sudah dilaksanakan sebaga input planning. \n(Note : tindak lanjut = sudah ada rencana penetapan action plan, target dan PIC oleh Planner Outage) \nUp-date : Data terkini/terbaru setelah dilakukan Review oleh Planner.\nTerintegrasi : data dapat dishare oleh Bidang lain yang terkait, database ada di WEB Outage & QPR (ter up-date).\n',NULL,'Fire Fighting (menunggu & memadamkan kebakaran)','PJB , UBJOM JAWA \nReview progress meeting P1 sudah dilakukan tindak lanjut untuk planning OH berikutnya.tanpa melibatkan bidang lain \nUBJOM LUAR JAWA\nReview progress meeting P1 dilaksanakan','Stabilizing (Bertindak sebatas merespon kebakaran)','PJB , UBJOM JAWA \nReview progress meeting P1 sudah ada,  rekomendasi tindak lanjut, program , target dan PIC sudah ditetapkan, namun belum dilakukan prioritisasi, database masih manual  \nUBJOM LUAR JAWA\nReview progress meeting R2 sudah ada rekomendasi tindak lanjut, program','Preventing (Ada usaha untuk melakukan pencegahan)','PJB , UBJOM JAWA & UBJOM LUAR JAWA\nReview progress meeting P1 sudah dilakukan, dievaluasi melalui forum yang melibatkan bidang terkait (OME) dan sudah dilakukan kajian enjinering , belum ditetapkan prioritisasi program, Database sudah di upload di WEB Outage  50%≤x<75% (ter Update)','Optimizing (Adanya usaha optimasi sumberdaya & improvement)','PJB , UBJOM JAWA & UBJOM LUAR JAWA\nReview progress meeting P1 sudah dilakukan dan dievaluasi melalui forum yang melibatkan bidang terkait (OME) , sudah ditetapkan prioritisasi program., database sudah di upload WEB Outage  75%≤x<100% (ter Update) ','Excellence (Mencapai keunggulan optimasi sumberdaya & continuous improvement)','PJB , UBJOM JAWA & UBJOM LUAR JAWA\nReview progress meeting P1 Rencana tindak lanjut rekomendasi sudah dilakukan dan dievaluasi melalui forum yang melibatkan bidang terkait (OME) , sudah ditetapkan prioritisasi program, database sudah di upload di WEB Outage 100% (ter Update) '),(482,137,'I1.6.2','Identifikasi Jadual & Scope pekerjaan, Performance Unit, Rekomendasi pemeliharaan RutinPM,CM,PdM dan','Identifikasi jadual, scope of work, baik yang standar maupun tambahan. Dan sudah diterbitkan WO OH Standart & tambahan serta PIC dan melakukan review struktur tim OH & sarana yang dalam kendali UP.\nNote : \nWO standart sesuai skope OH  dan WO Tambahan sesuai dengan kesepakatan\nIdentifikasi performance unit (PKU, Hasil Assesment  peralatan, Daya mampu netto, efisiensi, jam operasi unit). \nNote : Sudah Terintegrasi dengan Reliability Mgt\nRekomendasi hasil dari pemeliharaan tactical dan  non tactical. \nNote : \nTactical/terencana (PM, PdM, FDT Realibilty Management), Non Tactical/tidak terencana (CR, EM)\nPenetapan rencana performance test sebelum OH dan mekanIsme koordinasi pelaksanaannya. \nNote : Penetapan Rencana Pelaksanaan Performance Test sudah harus ditetapkan pada Area ini, dan rencana pelaksanaannya serta pihak-pihak yang terkait (Operator, Rendal Ops, PdM, SO, Perf. Enjiner UPHAR untuk unit thermal)\n',NULL,'Fire Fighting (menunggu & memadamkan kebakaran)','PJB , UBJOM JAWA\nJadual dan scope OH belum dibuat, potret kondisi operasi unit & Rekomendasi hasil pemeliharaan rutin (tactical dan non tactical) sudah   ditindaklanjuti  <35% , WO OH <35% sudah diterbitkan. \nUBJOM LUAR JAWA\nDokumen Jadual dan scoupe OH, Potret Kondisi Unit dan dokumen Rekomendasi Pemeliharaan dalam bentuk manual','Stabilizing (Bertindak sebatas merespon kebakaran)','PJB , UBJOM JAWA & UBJOM LUAR JAWA\nJadual dan scope OH sudah dibuat, WO OH 35%≤x<60% sudah diterbitkan.\nSudah memiliki data potret kondisi operasi unit.\nRekomendasi hasil pemeliharaan rutin (tactical dan non tactical) 35%≤x<60%  sudah ditindak lanjuti.\nRencana performance test sebelum OH sudah ditetapkan, namun belum dikirimkan (di informasikan) kepada pihak yang terkait dan koordinasi dengan pihak yang terkait belum dilaksanakan.\nData base masih dalam aplikasi manual.\n','Preventing (Ada usaha untuk melakukan pencegahan)','PJB , UBJOM JAWA & UBJOM LUAR JAWA\nJadual dan scope OH sudah dibuat, WO OH 60%≤x<80% sudah diterbitkan.\nSudah memiliki data potret kondisi operasi unit dan ditindaklanjuti dengan scope tambahan.\nRekomendasihasil pemeliharaan rutin (tactical dan non tactical)  60%≤x<80%-sudah ditindaklanjuti.\nRencana performance test sebelum OH sudah ditetapkan, namun belum dikirimkan (di informasikan) kepada pihak yang terkait dan koordinasi dengan pihak yang terkait belum dilaksanakan.\nReview Struktur tim OH & sarana sudah dilakukan ,Data base masih dalam aplikasi manual updated.','Optimizing (Adanya usaha optimasi sumberdaya & improvement)','PJB , UBJOM JAWA & UBJOM LUAR JAWA\nJadual dan scope OH sudah dibuat, WO OH 80%≤x<100% sudah diterbitkan. updated.\nSudah memiliki data potret kondisi operasi unit, ditindaklanjuti menjadi scope tambahan.\nRekomendasihasil pemeliharaan rutin (tactical dan non tactical)  80%≤x<100% -sudah ditindaklanjuti.\nRencana performance test sebelum OH sudah ditetapkan dan koordinasi dengan pihak yang terkait sudah dilaksanakan.\nData base sudah ada di SIT,80%≤x<100%','Excellence (Mencapai keunggulan optimasi sumberdaya & continuous improvement)','PJB , UBJOM JAWA & UBJOM LUAR JAWA\nJadual dan scope OH sudah dibuat, WO OH 100% sudah diterbitkan.Data base sudah ada di Web MO dan QPR  100% updated dan terintegrasi.\nSudah memiliki data potret kondisi operasi unit, ditindaklanjuti dengan scope tambahan dan Data base sudah ada di Web MO dan QPR 100% updated dan terintegrasi.\nRekomendasihasil pemeliharaan rutin (tactical dan non tactical)  100%-sudah ditindaklanjuti.\nRencana performance test sebelum OH sudah ditetapkan dan koordinasi dengan pihak yang terkait sudah dilaksanakan.\nData base sudah ada di SIT 100% '),(483,137,'I1.6.3','Penambahan Scope Pekerjaan Overhaul','Semua scope pekerjaan telah teridentifikasi di meeting P1, tidak ada penambahan scope dan kebutuhan spare part/material/jasa pada P2',NULL,'Fire Fighting (menunggu & memadamkan kebakaran)','penambahan scope pada P2 sebesar lebih dari 10% dari total scope yang telah disepakati pada meeting P1','Stabilizing (Bertindak sebatas merespon kebakaran)','penambahan scope pada P2 antara 5 s.d 10%  dari total scope yang telah disepakati pada meeting P1','Preventing (Ada usaha untuk melakukan pencegahan)','penambahan scope pada P2 sebesar 5% dari total scope yang telah disepakati pada meeting P1','Optimizing (Adanya usaha optimasi sumberdaya & improvement)','Tidak ada penambahan scope pada P2 ','Excellence (Mencapai keunggulan optimasi sumberdaya & continuous improvement)','Konsisten tidak ada penambahan scope pada P2 dan dilakukan selama 3 tahun'),(484,137,'I1.6.4','Perencanaan Critical Task ','Identifikasi critical task yang berpengaruh pada pada jalannya keseluruhan OH.',NULL,'Fire Fighting (menunggu & memadamkan kebakaran)','WBS sudah ada, tetapi belum ada identifikasi critical path sesuai dengan rekomendasi hasil meeting P2','Stabilizing (Bertindak sebatas merespon kebakaran)','critical path sudah teridentifikasi, tetapi belum ada identifikasi critical task atau critical task yang diidentifikasi masih untuk standard job  sesuai dengan rekomendasi hasil meeting P2','Preventing (Ada usaha untuk melakukan pencegahan)','critical path sudah teridentifikasi, tetapi belum ada identifikasi critical task atau critical task yang diidentifikasi masih untuk standard job dan scope tambahan  sesuai dengan rekomendasi hasil meeting P2','Optimizing (Adanya usaha optimasi sumberdaya & improvement)','Critical task telah diidentifikasi dan merupakan bagian dari critical path dan resource untuk critical task sudah teridentifikasi (FTK, material, tools)  sesuai dengan rekomendasi hasil meeting P2','Excellence (Mencapai keunggulan optimasi sumberdaya & continuous improvement)','Critical task telah diidentifikasi dan merupakan bagian dari critical path dan resource untuk critical task sudah teridentifikasi (FTK, material, tools) sudah diupload pada SIT dan sudah konsisten dilakukan selama 3 tahun'),(485,137,'I1.6.5','Kesiapan Material / Sparepart. ','Kesiapan Spare-part Spesifik & Material Umum. sesuai delivery time serta penerbitan Issue Requisition / Recommended Order sebagaI dasar proses pengadaan.\n',NULL,'Fire Fighting (menunggu & memadamkan kebakaran)','PJB , UBJOM JAWA & UBJOM LUAR JAWA\nSpare part utama/ spesifik dan umum sudah di identifikasi atau <35% sudah di identifikasi dan IR/ RO belum diterbitkan.','Stabilizing (Bertindak sebatas merespon kebakaran)','PJB , UBJOM JAWA & UBJOM LUAR JAWA\nSpare part utama/ spesifik dan umum   35%≤x<60%  sudah di  identifikasi & IR/ RO sudah diterbitkan dengan spesifikasi lengkap. Data base masih dalam aplikasi .','Preventing (Ada usaha untuk melakukan pencegahan)','PJB , UBJOM JAWA & UBJOM LUAR JAWA\nSpare part utama/ spesifik dan umum 60%≤x<80% sudah di identifikasi & IR/ RO sudah diterbitkan dengan spesifikasi lengkap.Data base masih dalam aplikasi manual updated.','Optimizing (Adanya usaha optimasi sumberdaya & improvement)','PJB , UBJOM JAWA & UBJOM LUAR JAWA\nSpare part utama/ spesifik dan umum 80%≤x<100% sudah di identifikasi & IR/ RO sudah diterbitkan dengan spesifikasi lengkap.\nData base sudah ada di web MO80%≤x<100% updated.','Excellence (Mencapai keunggulan optimasi sumberdaya & continuous improvement)','PJB , UBJOM JAWA & UBJOM LUAR JAWA\nSpare part utama/ spesifik dan umum100% sudah di identifikasi & IR/ RO sudah diterbitkan dengan spesifikasi lengkap.Data base sudah ada di web MO 100% updated dan terintegrasi'),(486,137,'I1.6.6','Monitoring & Pengendalian Kegiatan Hasil  P1 ','Pengamatan terhadap konsistensi pertemuan /koordinasi dan proses kegiatan sesuai target yang ditetapkan antara lain: \nMonitoring proses pengadaan mulai dari TOR IR/PR/RO, HPS, PO, Levering. (Ellipse/ Maximo), rentang waktu  P1 s.d P2\nMaterial spesifik dan umum yang terkontrak.\n',NULL,'Fire Fighting (menunggu & memadamkan kebakaran)','PJB , UBJOM JAWA & UBJOM LUAR JAWA\nKegiatan monitoring dan pengendalian progres planning OH dilakukan sebanyak 1 kali.\nData base masih dalam aplikasi manual.','Stabilizing (Bertindak sebatas merespon kebakaran)','PJB , UBJOM JAWA & UBJOM LUAR JAWA\nKegiatan monitoring dan pengendalian progres planning OH dilakukan sebanyak 2 kali.\nData base masih dalam aplikasi manual.','Preventing (Ada usaha untuk melakukan pencegahan)','PJB , UBJOM JAWA & UBJOM LUAR JAWA\nKegiatan monitoring dan pengendalian progres planning OH dilakukan sebanyak 3 kali.\nData base sudah di SIT 50% updated.','Optimizing (Adanya usaha optimasi sumberdaya & improvement)','\nPJB , UBJOM JAWA & UBJOM LUAR JAWA\nKegiatan monitoring dan pengendalian progres planning OH dilakukan sebanyak 4 kali. Data base sudah ada di SIT 75% updated.','Excellence (Mencapai keunggulan optimasi sumberdaya & continuous improvement)','PJB , UBJOM JAWA & UBJOM LUAR JAWA\nKegiatan monitoring dan pengendalian progres planning OH dilakukan sebanyak 4 kali.Data base sudah ada di SIT 100% updated dan terintegrasi.\n'),(487,137,'I1.6.7','Efektivitas Pertemuan/ Koordinasi Antar Bidang/ Subdit.','Efektifitas dari pertemuan/ koordinasi kegiatan outage management terkait dengan materi yang dibahas dan fungsi/ bidang  yang terlibat. \n1, Materi yang dibahas meliputi:\nRencana Tindak Lanjut.\nJadual & Scope OH.\nInformasi dari Bidang terkait\nTerintegrasi dengan WPC Mgt, terkait resourse mgt (Tools & Sdm).\n2. Peserta yang diundang  dari  Eksekutor :\nM. Project/  K. PLTA/ M. Tek/ M Renbintek , Spv./Koord. Mesin, Listrik, Kontrol,  Enjinering, Rendal  Har & Staf. Teknisi.\n3. Peserta yang diundang  dari  Pemberi Kerja :\nM. Har/ M. Eng,  Staff, Spvs  MO & Staf, Spvs Rendal Har & Staf, Spvs Mesin, Listrik, Kontrol, Spvs Rendal Ops, Spvs Produksi. \n4. Jumlah Peserta yang hadir\n\n\n',NULL,'Fire Fighting (menunggu & memadamkan kebakaran)','PJB , UBJOM JAWA\nPertemuan kegiatan P2 dilaksanakan dalam range waktu lebih dari 21 hari dari tanggal yang ditetapkan\nUBJOM LUAR JAWA\nPertemuan kegiatan P2 dilaksanakan','Stabilizing (Bertindak sebatas merespon kebakaran)','PJB , UBJOM JAWA & UBJOM LUAR JAWA\nPertemuan kegiatan P2 dilaksanakan dengan peserta 35%≤x<60%undangan (perfungsi). Materi yang dibahas 35%≤x<60%%. Pertemuan kegiatan P2 dilaksanakan dalam range waktu ≥ 15 hari dari tanggal yang ditetapkan.  Data base masih dalam aplikasi manual \n','Preventing (Ada usaha untuk melakukan pencegahan)','PJB , UBJOM JAWA & UBJOM LUAR JAWA\nPertemuan kegiatan P2 dilaksanakan dengan peserta  60%≤x<80% undangan (perfungsi).Materi yang dibahas  60%≤x<80%. Pertemuan kegiatan P2 dilaksanakan dalam range waktu 7≤x<15 hari dari tanggal yang ditetapkan. Data base masih dalam aplikasi manual','Optimizing (Adanya usaha optimasi sumberdaya & improvement)','PJB , UBJOM JAWA & UBJOM LUAR JAWA\nPertemuan kegiatan P2 dilaksanakan dengan peserta 80%≤x<100 undangan perfungsi dan salah satu manajer. Materi yang dibahas 80%≤x<100. Pertemuan kegiatan P2 dilaksanakan dalam range waktu 1≤x<7 hari dari tanggal yang ditetapkan Data base sudah ada di SIT 80%≤x<100 updated. \n','Excellence (Mencapai keunggulan optimasi sumberdaya & continuous improvement)','PJB , UBJOM JAWA & UBJOM LUAR JAWA\nPertemuan kegiatan P2 dilaksanakan dengan peserta 100% undangan perfungsi dan kedua manajer (pemberi kerja & eksekutor). Materi yang dibahas 100%. Pertemuan kegiatan P2 dilaksanakan sesuai tanggal yang ditetapkan. Data base sudah ada di SIT 100% updated dan terintegrasi. \n'),(488,138,'I1.7.1','Review Progress Meeting P2 & Hasil OH Yang Telah Dilaksanakan.','Review tindak lanjut meeting  P2, hasil evaluasi, rekomendasi & rencana tindak lanjut OH yang sudah dilaksanakan sebaga input planning. \n(Note : tindak lanjut = sudah ada rencana penetapan action plan, target dan PIC oleh Planner Outage) \nUp-date : Data terkini/terbaru setelah dilakukan Review oleh Planner.\nTerintegrasi : data dapat dishare oleh Bidang lain yang terkait, database ada di WEB Outage & QPR (ter up-date).\n\n',NULL,'Fire Fighting (menunggu & memadamkan kebakaran)','PJB , UBJOM JAWA \nReview progress meeting P2 sudah dilakukan tindak lanjut untuk planning OH berikutnya.tanpa melibatkan bidang lain \nUBJOM LUAR JAWA\nReview progress meeting P2  dilaksanakan','Stabilizing (Bertindak sebatas merespon kebakaran)','PJB , UBJOM JAWA \nReview progress meeting P2 sudah ada,  rekomendasi tindak lanjut, program , target dan PIC sudah ditetapkan, namun belum dilakukan prioritisasi, database masih manual  \nUBJOM LUAR JAWA\nReview progress meeting P2 sudah ada rekomendasi tindak lanjut, program','Preventing (Ada usaha untuk melakukan pencegahan)','PJB , UBJOM JAWA & UBJOM LUAR JAWA\nReview progress meeting P2 sudah dilakukan, dievaluasi melalui forum yang melibatkan bidang terkait (OME) dan sudah dilakukan kajian enjinering , belum ditetapkan prioritisasi program, Database sudah di upload di WEB Outage  50%≤x<75% (ter Update)','Optimizing (Adanya usaha optimasi sumberdaya & improvement)','PJB , UBJOM JAWA & UBJOM LUAR JAWA\nReview progress meeting P2 sudah dilakukan dan dievaluasi melalui forum yang melibatkan bidang terkait (OME) , sudah ditetapkan prioritisasi program., database sudah di upload WEB Outage  75%≤x<100% (ter Update) ','Excellence (Mencapai keunggulan optimasi sumberdaya & continuous improvement)','PJB , UBJOM JAWA & UBJOM LUAR JAWA\nReview progress meeting P2 Rencana tindak lanjut rekomendasi sudah dilakukan dan dievaluasi melalui forum yang melibatkan bidang terkait (OME) , sudah ditetapkan prioritisasi program, database sudah di upload di WEB Outage 100% (ter Update) '),(489,138,'I1.7.2','Penambahan Scope Pekerjaan Overhaul','Semua scope pekerjaan telah teridentifikasi di meeting P2, tidak ada penambahan scope dan kebutuhan spare part/material/jasa pada P3',NULL,'Fire Fighting (menunggu & memadamkan kebakaran)','penambahan scope pada P3 sebesar lebih dari 7% dari total scope yang telah disepakati pada meeting P2','Stabilizing (Bertindak sebatas merespon kebakaran)','penambahan scope pada P3 antara 3% s.d 7%  dari total scope yang telah disepakati pada meeting P2','Preventing (Ada usaha untuk melakukan pencegahan)','penambahan scope pada P3 sebesar 3% dari total scope yang telah disepakati pada meeting P2','Optimizing (Adanya usaha optimasi sumberdaya & improvement)','Tidak ada penambahan scope pada P3 ','Excellence (Mencapai keunggulan optimasi sumberdaya & continuous improvement)','Konsisten tidak ada penambahan scope pada P3 dan dilakukan selama 3 tahun'),(490,138,'I1.7.3','Review kesiapan jadual & scope pekerjaan, hasil performance test, kondisi unit & hasil pemeliharaan ','Review kesiapan jadual, scope of work, baik yang standar maupun tambahan. Dan sudah diterbitkan WO OH Standart & tambahan serta PIC dan melakukan review struktur tim OH & sarana yang dalam kendali UP. Note : WO standart sesuai skope OH  dan WO Tambahan sesuai dengan kesepakatan\n\nReview hasil performance test & penetapan target OH serta kesiapan prosedur kerja (safety/ working permit) dilengkapi dengan pelaksanaan isolating area/ equipment. Note : Prosedur Ijin Kerja meliputi : Safety Permite / Working Permite Target Performance Unit : Sasaran yang diharapkan UP terhadap hasil pelaksanaan OH.\n\nReview kondisi unit dan tindak lanjut dari pemeliharaan rutin (tactical dan non tactical) Note : Tactical: terencana (PM, PdM) Non Tactical: tidak terencana (Corr, BD, EM) Terintegrasi : WPC Mgt\n\n',NULL,'Fire Fighting (menunggu & memadamkan kebakaran)','Jadual dan scope OH,  rekomendasi  pemeliharaan  belum dibuat  WO OH,  dan performance test sebelum OH belum dilaksanakan. Tim OH belum ditetapkan.\n','Stabilizing (Bertindak sebatas merespon kebakaran)','Jadual dan scope OH sudah dibuat, WO OH<35% sudah diterbitkan, Tim OH sudah ditatapkan.\nSudah memiliki data potret kondisi operasi unit.\nRekomendasi hasil pemeliharaan rutin (tactical dan non tactical) 35%≤x<60% sudah ditindak lanjuti.\nPerformance test sebelum OH sudah dilaksanakan, namun hasil belum ada\nData base masih dalam aplikasi manual.\n','Preventing (Ada usaha untuk melakukan pencegahan)','Jadual dan scope OH sudah dibuat, WO OH 100% sudah diterbitkan Tim OH sudah ditetapkan.\nSudah memiliki data potret kondisi operasi unit dan ditindaklanjuti dengan scope tambahan.\nRekomendasihasil pemeliharaan rutin (tactical dan non tactical)  100%-sudah ditindaklanjuti.\nPerformance test sebelum OH sudah dilaksanakan, Hasil ada, Prosedur ijin kerja sudah dibuat, Target Performance setelah OH sudah ditetapkan.\nData base masih dalam aplikasi manual updated.\n','Optimizing (Adanya usaha optimasi sumberdaya & improvement)','Jadual dan scope OH sudah dibuat, WO OH 100% sudah diterbitkan. updated.\nSudah memiliki data potret kondisi operasi unit, ditindaklanjuti menjadi scope tambahan.\nRekomendasihasil pemeliharaan rutin (tactical dan non tactical)   80%≤x<100 sudah ditindaklanjuti.\nPerformance test sebelum OH sudah dilaksanakan, Hasil ada, Prosedur ijin kerja sudah dibuat, Target Performance setelah OH sudah ditetapkan.\nData base sudah ada di SIT, 60%≤x<80%\n','Excellence (Mencapai keunggulan optimasi sumberdaya & continuous improvement)','Jadual dan scope OH sudah dibuat, WO OH 100% sudah diterbitkan.Data base sudah ada di Web MO dan QPR  100% updated dan terintegrasi.\nSudah memiliki data potret kondisi operasi unit, ditindaklanjuti dengan scope tambahan dan Data base sudah ada di Web MO dan QPR 100% updated dan terintegrasi.\nRekomendasihasil pemeliharaan rutin (tactical dan non tactical)  100%-sudah ditindaklanjuti.\nPerformance test sebelum OH sudah dilaksanakan, Hasil ada, Prosedur ijin kerja sudah dibuat, Target Performance setelah OH sudah ditetapkan.\nData base sudah ada di SIT 100% \n'),(491,138,'I1.7.4','Kesiapan Spare-part Spesifik & Material Umum. ','Kesiapan Spare-part Spesifik & Material Umum. sesuai delivery time serta penerbitan Issue Requisition / Recommended Order sebagaI dasar proses pengadaan.\n',NULL,'Fire Fighting (menunggu & memadamkan kebakaran)','PJB , UBJOM JAWA & UBJOM LUAR JAWA\nSpare part utama/ spesifik dan umum  <35% sudah siap\n','Stabilizing (Bertindak sebatas merespon kebakaran)','PJB , UBJOM JAWA & UBJOM LUAR JAWA\nSpare part utama/ spesifik dan umum   35%≤x<60%  sudah siap. Data base masih dalam aplikasi .','Preventing (Ada usaha untuk melakukan pencegahan)','PJB , UBJOM JAWA & UBJOM LUAR JAWA\nSpare part utama/ spesifik dan umum 60%≤x<80% sudah siap.Data base masih dalam aplikasi manual updated.','Optimizing (Adanya usaha optimasi sumberdaya & improvement)','PJB , UBJOM JAWA & UBJOM LUAR JAWA\nSpare part utama/ spesifik dan umum 80%≤x<100% sudah siap .\nData base sudah ada di web MO80%≤x<100% updated.','Excellence (Mencapai keunggulan optimasi sumberdaya & continuous improvement)','PJB , UBJOM JAWA & UBJOM LUAR JAWA\nSpare part utama/ spesifik dan umum100% sudah siap.Data base sudah ada di web MO 100% updated dan terintegrasi'),(492,138,'I1.7.5','Checklist Kesiapan Pekerjaan OH.','Penetapan checklist kesiapan pekerjaan OH diketahui oleh GM/ Manajer. Daftar itemmonitoringkesiapan pelaksanaan OH yang mencakup :Kesiapan spare part / material.Kesiapan Tim OH.Kesiapan Sarana.Kesiapan Tools\nNote :\nChecklist dibuat dalam Form yang telah ditetapkan & di Approval oleh Manajer/GM disertai dengan penjelasan terhadap kondisi kesiapan.\n\n',NULL,'Fire Fighting (menunggu & memadamkan kebakaran)','Checklist kesiapan OH sudah dilakukan dengan tingkat kesiapan  <35% belum dilengkapi dengan tindak lanjut untuk melengkapi kekurangan kesiapan OH serta belum di approval oleh Manajer/ GM.','Stabilizing (Bertindak sebatas merespon kebakaran)','Checklist kesiapan OH sudah dilakukan dengan tingkat kesiapan  35%≤x<60 belum dilengkapi dengan tindak lanjut untuk melengkapi kekurangan kesiapan OH serta belum di approval oleh Manajer/ GM.','Preventing (Ada usaha untuk melakukan pencegahan)','Checklist kesiapan OH sudah dilakukan dengan tingkat kesiapan 60%≤x<80% dan dilengkapi dengan tindak lanjut untuk melengkapi kekurangan kesiapan OH serta sudah di Approval oleh Manajer/ GM. Data base masih dalam aplikasi manual updated. \n','Optimizing (Adanya usaha optimasi sumberdaya & improvement)','Checklist  80%≤x<100% dan dilengkapi dengan tindak lanjut untuk melengkapi kekurangan kesiapan OH serta sudah di approval oleh Manajer/ GM. Data base sudah ada di SIT 80%≤x<100% updated.\n','Excellence (Mencapai keunggulan optimasi sumberdaya & continuous improvement)','Checklist kesiapan OH sudah dilakukan dan disetujui oleh GM dengan tingkat kesiapan 100% dan dilengkapi dengan tindak lanjut untuk melengkapi kekurangan kesiapan OH serta sudah di Approval oleh Manajer/ GM. Data base sudah ada di SIT 100% updated dan terintegrasi.\n'),(493,138,'I1.7.6','Monitoring & Pengendalian Kegiatan Hasil  P3 ','Pengamatan terhadap konsistensi pertemuan /koordinasi dan proses kegiatan sesuai target yang ditetapkan antara lain: \nMonitoring proses pengadaan mulai dari TOR IR/PR/RO, HPS, PO, Levering. (Ellipse/ Maximo), rentang waktu  P2 s.d P3\nMaterial spesifik dan umum yang terkontrak.\n',NULL,'Fire Fighting (menunggu & memadamkan kebakaran)','PJB , UBJOM JAWA & UBJOM LUAR JAWA\nKegiatan monitoring dan pengendalian progres planning OH dilakukan sebanyak 1 kali.namun dokumen belum lengkap danData base masih dalam aplikasi manual .','Stabilizing (Bertindak sebatas merespon kebakaran)','PJB , UBJOM JAWA & UBJOM LUAR JAWA\nKegiatan monitoring dan pengendalian progres planning OH dilakukan sebanyak 1 kali.\nData base masih dalam aplikasi manual.','Preventing (Ada usaha untuk melakukan pencegahan)','PJB , UBJOM JAWA & UBJOM LUAR JAWA\nKegiatan monitoring dan pengendalian progres planning OH dilakukan sebanyak 2 kali.\nData base masih dalam aplikasi manual updated.','Optimizing (Adanya usaha optimasi sumberdaya & improvement)','PJB , UBJOM JAWA & UBJOM LUAR JAWA\nKegiatan monitoring dan pengendalian progres planning OH dilakukan sebanyak 2 kali. Data base sudah ada di SIT <100% updated.','Excellence (Mencapai keunggulan optimasi sumberdaya & continuous improvement)','PJB , UBJOM JAWA & UBJOM LUAR JAWA\nKegiatan monitoring dan pengendalian progres planning OH dilakukan sebanyak 2 kali.Data base sudah ada di SIT 100% updated dan terintegrasi.'),(494,138,'I1.7.7','Efektivitas Pertemuan/ Koordinasi Antar Bidang/ Subdit. ','Definisi :\nKetepatan waktu (dalam range +7 hari dari tanggal yang ditetapkan) pertemuan sesuai jadual kegiatan & kelengkapan peserta pertemuan.\nKetepatan waktu pertemuan/koordinasi sesuai jadual kegiatan& kelengkapan peserta pertemuan.\nNote :\nPerkecualian jika terjadi pada hari libur (nasional) dapat bergeser maju / mundur 1-2 hari.',NULL,'Fire Fighting (menunggu & memadamkan kebakaran)','PJB, UBJOM JAWA\nPertemuan kegiatan P3 dilaksanakan dengan peserta <35% undangan (perfungsi). Materi yang dibahas <35%,  Data base masih dalam aplikasi manual\nPertemuan kegiatan P3 dilaksanakan dalam range waktu lebih/kurang  15s/d 21 hari dari tanggal yang ditetapkan\nUBJOM LUAR JAWA\nPertemuan P3 dilaksanakan','Stabilizing (Bertindak sebatas merespon kebakaran)','PJB, UBJOM JAWA\nPertemuan kegiatan P3 dilaksanakan dengan peserta 35%≤x<60% undangan (perfungsi). Materi yang dibahas35%≤x<60%,  Data base masih dalam aplikasi manual\nPertemuan kegiatan P3 dilaksanakan dalam range waktu 7 s/d 15 hari dari tanggal yang ditetapkan\nUBJOM LUAR JAWA\nPertemuan P3 dilaksanakan','Preventing (Ada usaha untuk melakukan pencegahan)','PJB, UBJOM JAWA & UBJOM LUAR JAWA\nPertemuan kegiatan P3dilaksanakan dengan peserta 60%≤x<80%undangan (perfungsi).Materi yang dibahas 60%≤x<80% Data base masih dalam aplikasi manual\nPertemuan kegiatan P3 dilaksanakan dalam range waktu 3 s/d 7 hari dari tanggal yang ditetapkan.','Optimizing (Adanya usaha optimasi sumberdaya & improvement)','PJB, UBJOM JAWA & UBJOM LUAR JAWA\nPertemuan kegiatan P3 dilaksanakan dengan peserta 80%≤x<100% undangan perfungsi dan salah satu manajer. Materi yang dibahas 80%≤x<100%, Data base sudah ada di SIT 80%≤x<100 updated.\nPertemuan kegiatan P3 dilaksanakan tepat waktu dari tanggal yang ditetapkan','Excellence (Mencapai keunggulan optimasi sumberdaya & continuous improvement)','PJB, UBJOM JAWA & UBJOM LUAR JAWA\nPertemuan kegiatan P3 dilaksanakan dengan peserta 100% undangan perfungsi dan kedua manajer (pemberi kerja & eksekutor). Materi yang dibahas 100% Data base sudah ada di SIT 100% updated dan terintegrasi.\nPertemuan kegiatan P3 dilaksanakan tepat waktu dari tanggal yang ditetapkan'),(495,139,'I1.8.1','Manajemen Resiko Eksekusi OH','yaitu resiko yang muncul ketika pekerjaan OH sedang berjalan (resiko yang belum teridentifikasi pada fase perencanaan)\n\n\n\n\n\n\n\n',NULL,'Fire Fighting (menunggu & memadamkan kebakaran)','Tidak dilakukan analisa resiko.','Stabilizing (Bertindak sebatas merespon kebakaran)','Analisa resiko sudah dilakukan, tetapi hanya pada beberapa scope pekerjaan saja','Preventing (Ada usaha untuk melakukan pencegahan)','Analisa resiko sudah dilakukan, tetapi detail klasifikasi resiko belum dipetakan, prioritasi resiko belum dipetakan.\n\n','Optimizing (Adanya usaha optimasi sumberdaya & improvement)','Analisa resiko sudah dilakukan, detail klasifikasi resiko sudah dipetakan, prioritasi resiko sudah dipetakan. Detail untuk pekerjaan kritikal sudah teridentifikasi. Jika kondisi darurat muncul, berfokus pada penanganan jangka pendek.\n','Excellence (Mencapai keunggulan optimasi sumberdaya & continuous improvement)','Analisa resiko sudah dilakukan, detail klasifikasi resiko sudah dipetakan, prioritasi resiko sudah dipetakan. Detail untuk pekerjaan kritikal sudah teridentifikasi dan sudah mempersiapkan PIC untuk masing masing kritikal task. Jika kondisi darurat muncul (jarang terjadi), resource sudah mempersiapkan penanganan dengan baik.'),(496,139,'I1.8.2','Manajemen Kualitas Quality Control Inspection untuk Critical Task','Yaitu melakukan inspeksi dan memastikan kualitas hasil pekerjaan untuk peralatan kritis sesuai dengan scope pekerjaan hasil meeting P3. ',NULL,'Fire Fighting (menunggu & memadamkan kebakaran)','Semua pekerjaan QC untuk critical task sudah dilakukan pada semua Bidang 80% (sesuai dengan scope P3), QC sudah menggunakan acuan kualifikasi standard yang reputable berdasarkan Manual Book , memperhatikan trending pengukuran, dilakukan analisa dan sudah melakukan tindak lanjut rekomendasi bidang Engineering','Stabilizing (Bertindak sebatas merespon kebakaran)','Semua pekerjaan QC untuk critical task sudah dilakukan pada semua Bidang 85% (sesuai dengan scope P3), QC sudah menggunakan acuan kualifikasi standard yang reputable berdasarkan Manual Book , memperhatikan trending pengukuran, dilakukan analisa dan sudah melakukan tindak lanjut rekomendasi bidang Engineering','Preventing (Ada usaha untuk melakukan pencegahan)','Semua pekerjaan QC untuk critical task sudah dilakukan pada semua Bidang 90% (sesuai dengan scope P3), QC sudah menggunakan acuan kualifikasi standard yang reputable berdasarkan Manual Book , memperhatikan trending pengukuran, dilakukan analisa dan sudah melakukan tindak lanjut rekomendasi bidang Engineering','Optimizing (Adanya usaha optimasi sumberdaya & improvement)','Semua pekerjaan QC untuk critical task sudah dilakukan pada semua Bidang 95% (sesuai dengan scope P3), QC sudah menggunakan acuan kualifikasi standard yang reputable berdasarkan Manual Book , memperhatikan trending pengukuran, dilakukan analisa dan sudah melakukan tindak lanjut rekomendasi bidang Engineering','Excellence (Mencapai keunggulan optimasi sumberdaya & continuous improvement)','Semua pekerjaan QC untuk critical task sudah dilakukan pada semua Bidang 100% (sesuai dengan scope P3), QC sudah menggunakan acuan kualifikasi standard yang reputable berdasarkan Manual Book , memperhatikan trending pengukuran, dilakukan analisa dan sudah melakukan tindak lanjut rekomendasi bidang Engineering'),(497,139,'I1.8.3','Manajemen Terhadap Penambahan Scope Overhaul Akibat WO Temuan','Yaitu melakukan pengelolaan WO temuan yang terdiri dari : identifikasi, analisa, pengelolaan biaya, dokumentasi, dan tindaklanjut yang harus dilakukan pada saat muncul WO temuan saat fase eksekusi OH diluar pekerjaan yang telah disepakati pada meeting P3.',NULL,'Fire Fighting (menunggu & memadamkan kebakaran)','Belum dilakukan penambahan data data pendukung terkait WO temuan.','Stabilizing (Bertindak sebatas merespon kebakaran)','data pendukung berupa : identifikasi, analisa, pengelolaan biaya, dan tindaklanjut untuk setiap WO temuan yang ada sudah dilakukan saat fase eksekusi OH 90% sesuai dengan jumlah WO temuan.','Preventing (Ada usaha untuk melakukan pencegahan)','data pendukung berupa : identifikasi, analisa, pengelolaan biaya, dokumentasi, dan tindaklanjut untuk setiap WO temuan yang ada sudah dilakukan saat fase eksekusi OH 95% sesuai dengan jumlah WO temuan.','Optimizing (Adanya usaha optimasi sumberdaya & improvement)','data pendukung berupa : identifikasi, analisa, pengelolaan biaya, dokumentasi, dan tindaklanjut untuk setiap WO temuan yang ada sudah dilakukan saat fase eksekusi OH 100% sesuai dengan jumlah WO temuan.','Excellence (Mencapai keunggulan optimasi sumberdaya & continuous improvement)','data pendukung berupa : identifikasi, analisa, pengelolaan biaya, dokumentasi, dan tindaklanjut untuk setiap WO temuan yang ada sudah dilakukan saat fase eksekusi OH. 100% lengkap dan konsisten dilakukan selama 3 tahun.'),(498,139,'I1.8.4','Efektifitas Pertemuan','Definisi :\nKetepatan Waktu pertemuan progress OH dan pembahasan critical task sesuai Jadual yang telah disepakati bersama dan kehadiran pihak terkait\n\nNote :\nJadual pertemuan kegiatan ditetapkan oleh UPHAR/ Pelaksana Pemeliharaan sesuai kesepakatan.\n\nEfektifitas dari pertemuan/ koordinasi kegiatan outage management terkait dengan materi yang dibahas dan fungsi/ bidang  yang terlibat. \n1, Materi yang dibahas meliputi:\nKoodinasi pelaksanaan OH\nPembahasaan critical task\n2. Peserta yang diundang  dari  Eksekutor :\nM. Project/  K. PLTA/ M. Tek/ M Renbintek , Spv./Koord. Mesin, Listrik, Kontrol,  Enjinering, Rendal  Har & Staf. Teknisi,Tim QC\n3. Peserta yang diundang  dari  Pemberi Kerja :\nM. Har/ M. Eng,  Staff, Spvs  MO & Staf, Spvs Rendal Har & Staf, Spvs Mesin, Listrik, Kontrol, Spvs Rendal Ops, Spvs Produksi,Tim QC\n4. Jumlah Peserta yang hadir',NULL,'Fire Fighting (menunggu & memadamkan kebakaran)','- Pertemuan kegiatan progress OH dilaksanakan namun belum konsisten','Stabilizing (Bertindak sebatas merespon kebakaran)','- Pertemuan kegiatan progress OH dilaksanakan +3 hari\n- Belum ada pembahasan tentang critical task yang sudah diidentifikasi saat perencanaan\n-Prosentase Kehadiran 35%≤x<60% Tim Pelaksana OH','Preventing (Ada usaha untuk melakukan pencegahan)','- Pertemuan kegiatan progress OH dilaksanakan +2 hari\n- Pembahasan critical task meliputi kecukupan resource, mitigasi resiko potensi adanya extension jadwal OH, kesesuaian dengan jadwal, namun belum ada rencana tindak lanjut.\n-Prosentase Kehadiran 60%≤x<80% Tim Pelaksana OH','Optimizing (Adanya usaha optimasi sumberdaya & improvement)','- Pertemuan kegiatan progress OH dilaksanakan  +1 hari\n- Pembahasan critical task meliputi kecukupan resource, mitigasi resiko potensi adanya extension jadwal OH, kesesuaian dengan jadwal, dan sudah ada rencana tindak lanjut.\n-Prosentase Kehadiran 80%≤x<100% Tim Pelaksana OH','Excellence (Mencapai keunggulan optimasi sumberdaya & continuous improvement)','- Pertemuan kegiatan progress OH dilaksanakan  sesuai tanggal kesepakatan\n- Pembahasan critical task meliputi kecukupan resource, mitigasi resiko potensi adanya extension jadwal OH, kesesuaian dengan jadwal, dan sudah ada rencana tindak lanjut.\n-Prosentase Kehadiran 100% Tim Pelaksana OH'),(499,139,'I1.8.5','Quality Control Inspection','Tersedianya kelengkapan pekerjaan Quality Control (QC) yang meliputi\n Struktur Tim QC (Surat Penunjukan Tim QC) & Uraian Ruang Lingkup Tugas QC.\nSOP / IK \nForm Checklist QC.\nPelaksanaan Pekerjaan QC : Hasil Validasi (Approval) QC.\nMekanisme Koordinasi antar Bidang.Note : Form Checklist QC meliputi Ruang Lingkup (Scope pekerjaan OH) \n',NULL,'Fire Fighting (menunggu & memadamkan kebakaran)','PJB, UBJOM JAWA & UBJOM LUAR JAWA\nKelengkapan Pekerjaan QC 35%  < x < 60%. - Pekerjaan QC tidak dilakukan. - Koordinasi QC antar Bidang tIdak dilakukan.\n','Stabilizing (Bertindak sebatas merespon kebakaran)','PJB, UBJOM JAWA & UBJOM LUAR JAWA\nKelengkapan Pekerjaan QC 60%  < x < 80% (kurang lengkap). - Pekerjaan QC belum dilakukan pada semua Bidang. - Koordinasi QC antar Bidang tidak terjadwal\n','Preventing (Ada usaha untuk melakukan pencegahan)','PJB, UBJOM JAWA & UBJOM LUAR JAWA\n- Kelengkapan Pekerjaan QC 80%  < x <100%\n- Pekerjaan QC sudah dilakukan pada semua Bidang.\n- Koordinasi QC antar Bidang optimal.\n- Data base akivitas QC masih dalam aplikasi manual.','Optimizing (Adanya usaha optimasi sumberdaya & improvement)','PJB, UBJOM JAWA & UBJOM LUAR JAWA\n- Kelengkapan pekerjaan QC 100%.\n- Pekerjaan QC sudah dilakukan pada semua Bidang.\n- Koordinasi antar bidang/ unit optimal & terjadual.\n- Data base sudah ada di SIT 35%  < x < 60% updated.\n','Excellence (Mencapai keunggulan optimasi sumberdaya & continuous improvement)','PJB, UBJOM JAWA & UBJOM LUAR JAWA\nKelengkapan pekerjaan startup dan sinkron 100%. - SOP/ IK 100% tersedia & Review up-date. - Pekerjaan QC sudah dilakukan pada semua Bidang. - Koordinasi antar bidang/ unit setiap hari & terjadual. - Data base sudah ada di SIT 100% updated.\n'),(500,139,'I1.8.6','1.Periode Start-Up & Sinkron.',' Tersedianya kelengkapan start-up dan sinkron yang melIputI:\nTim start-up dan sInkron. \n SOP/ IK start-up.\n Referensi standard operation book equipment. \n Pelaksanaan pekerjaan start-up dan sInkron.\n Mekanisme koordinasi antar bidang dan unit.\n Hasil pekerjaan start-up dan syncrone sesuai dengan durasi waktu yang telah ditetapkan dalam PPA\n Terntegrasi : Operation Mgt \nNote : tidak digunakan untuk Pembangkit Hidro\n',NULL,'Fire Fighting (menunggu & memadamkan kebakaran)','PJB, UBJOM JAWA & UBJOM LUAR JAWA\nKelengkapan pelaksanaan start-up dan sinkron <35%(tidak lengkap). Koordinasi tidak optimal.\nPelaksanaan start-up dan syncrone gagal dilakukan akibat kendala dan memerlukan perbaikan lebih dari 1 hari','Stabilizing (Bertindak sebatas merespon kebakaran)','PJB, UBJOM JAWA & UBJOM LUAR JAWA\nCheklist kesiapan dan Kelengkapan IK/SOP start-up dan sinkron  35%  < x < 60%.\nKoordinasi antar bidang/ unit optimal. Data base masih dalam aplikasi manual. \nPelaksanaan start-up dan syncrone gagal dilakukan akibat kendala dan memerlukan penundaan lebih dari 50% dari target waktu dalam PPA\n','Preventing (Ada usaha untuk melakukan pencegahan)','PJB, UBJOM JAWA & UBJOM LUAR JAWA\nCheklist kesiapan dan Kelengkapan IK/SOP  start-up & sinkron 60%  < x < 80% \nKoordinasi antar bidang/ unit optimal & terjadual. \nData base masih dalam aplikasi manual updated. \nPelaksanaan start-up dan syncrone gagal dilakukan akibat kendala dan memerlukan penundaan lebih dari 25% dari target waktu dalam PPA','Optimizing (Adanya usaha optimasi sumberdaya & improvement)','PJB, UBJOM JAWA & UBJOM LUAR JAWA\nCheklist kesiapan dan Kelengkapan IK/SOP  start-up & sinkron 100%. \nKoordinasi antar bidang/ unit optimal & terjadual. \nData base sudah ada di  Web MO 60%  < x < 80% updated. \nPelaksanaan start-up dan syncrone sesuai dengan waktu yang telah ditetapkan PPA \n','Excellence (Mencapai keunggulan optimasi sumberdaya & continuous improvement)','PJB, UBJOM JAWA & UBJOM LUAR JAWA\nCheklist kesiapan dan Kelengkapan IK/SOP  start-up dan sinkron 100%.\nKoordinasi antar bidang/ unit optimal & terjadual Data base sudah ada di Web MO 100% updated.\nPelaksanaan start-up dan syncrone lebih cepat dari waktu yang telah ditetapkan PPA \n'),(501,140,'I1.9.1','Informasi  dan dokumentasi WO Closed ','WO yang dimaksud disini adalah WO Type OH dan WO Type lain dalam pengendalian Rendal MO.\nInformasi feedback terdiri dari: failure mode & cause, tindakan korektif yang dilakukan, hasil test, pemakaian aktual material, manhour dan resource lain, dll. \n\nPlanner mendokumentasikan informasi feedback dalam Ellipse',NULL,'Fire Fighting (menunggu & memadamkan kebakaran)','PJB, UBJOM JAWA & UBJOM LUAR JAWA\nJob Card  dikembalikan ke Planner <100% setelah pekerjaan selesai tanpa dilengkapi dengan feed back','Stabilizing (Bertindak sebatas merespon kebakaran)','PJB, UBJOM JAWA & UBJOM LUAR JAWA\nJob Card dikembalikan ke Planner 100% setelah pekerjaan selesai\ninformasi feed back yang minimum atau tidak lengkap 35%  < x < 60% dan di entry ke SIT','Preventing (Ada usaha untuk melakukan pencegahan)','PJB, UBJOM JAWA & UBJOM LUAR JAWA\nJob Card dikembalikan ke planner 100% setelah pekerjaan selesai, \nsudah terdapat informasi tindakan korektif / perbaiikan yang dilakukan, hasil test, pemakaian material, manhour dan resource lain, dimasukkan kedalam SIT /maximo /ellipse  60%  < x < 80%','Optimizing (Adanya usaha optimasi sumberdaya & improvement)','PJB, UBJOM JAWA & UBJOM LUAR JAWA\nJob Card dikembalikan ke planner 100% setelah pekerjaan selesai, \nsudah terdapat informasi tindakan korektif / perbaiikan yang dilakukan, hasil test, pemakaian material, manhour dan resource lain, dimasukkan kedalam SIT /maximo /ellipse  100%\nWO Feed Back sudah dijadikan Eviden Rencana tindak lanjut OH Berikutnya.','Excellence (Mencapai keunggulan optimasi sumberdaya & continuous improvement)','PJB, UBJOM JAWA & UBJOM LUAR JAWA\nJob Card dikembalikan ke planner 100% setelah pekerjaan selesai, \nsudah terdapat informasi tindakan korektif / perbaiikan yang dilakukan, hasil test, pemakaian material, manhour dan resource lain, dimasukkan kedalam SIT /maximo /ellipse  100%\nWO Feed Back sudah dijadikan Eviden Rencana tindak lanjut OH Berikutnya.\nRendal MO menggunakan data-data feed back WO untuk melakukan analisa pareto dll, dalam rangka program peningkatan kinerja unit selanjutnya digunakan sebagai bahan untuk membuat job plan dan job execution'),(502,141,'I1.10.1','Verifikasi dan ketepatan waktu pembebanan biaya OH','Kesesuaian pembebanan biaya OH sesuai dengan klasifikasi yang telah direncanakan dan ketepatan waktu pembebaban biaya OH',NULL,'Fire Fighting (menunggu & memadamkan kebakaran)','Finalisasi proses keuangan dan verifikasi kesesuaian pembebanan biaya OH dengan scope pekerjaan yang sudah disepakati di awal dan temuan pekerjaan yang telah disetujui oleh UP (scope pekerjaan). Pembebanan biaya tidak sesuai 100% .','Stabilizing (Bertindak sebatas merespon kebakaran)','Finalisasi proses keuangan dan verifikasi kesesuaian pembebanan biaya OH dengan scope pekerjaan yang sudah disepakati di awal dan temuan pekerjaan yang telah disetujui oleh UP (scope pekerjaan). Pembebanan biaya 100% sesuai dan selesai maksimal 25 hari untuk UPHAR dan Hydro dan 40 hari untuk UP','Preventing (Ada usaha untuk melakukan pencegahan)','Finalisasi proses keuangan dan verifikasi kesesuaian pembebanan biaya OH dengan scope pekerjaan yang sudah disepakati di awal dan temuan pekerjaan yang telah disetujui oleh UP (scope pekerjaan). Pembebanan biaya 100% sesuai dan selesai maksimal 20 hari untuk UPHAR dan Hydro dan 35 hari untuk UP','Optimizing (Adanya usaha optimasi sumberdaya & improvement)','Finalisasi proses keuangan dan verifikasi kesesuaian pembebanan biaya OH dengan scope pekerjaan yang sudah disepakati di awal dan temuan pekerjaan yang telah disetujui oleh UP (scope dan maintenance type). Pembebanan biaya 100% sesuai dan selesai maksimal 20 hari untuk UPHAR dan Hydro dan 35 hari untuk UP','Excellence (Mencapai keunggulan optimasi sumberdaya & continuous improvement)','Finalisasi proses keuangan dan verifikasi kesesuaian pembebanan biaya OH dengan scope pekerjaan yang sudah disepakati di awal dan temuan pekerjaan yang telah disetujui oleh UP (scope, maintenance type dan equipment). Pembebanan biaya 100% sesuai dan selesai maksimal 15 hari untuk UPHAR dan Hydro dan 30 Hari untuk UP'),(503,141,'I1.10.2','Rencana Tindak Lanjut OH Berikutnya.','Penyampaian dan pembahasan rencana tindak lanjut dari laporan, evaluasi dan rekomendasi hasil pelaksanaan OH yang mencakup :\nRencana tindak lanjut untuk OH berikutnya( program continuous improvement).\nRencana tindak lanjut kendala-kendala dalam perencanaan\nPeserta : OME dan UPHAR/Pelaksana Project\n\n',NULL,'Fire Fighting (menunggu & memadamkan kebakaran)','PJB, UBJOM JAWA & UBJOM LUAR JAWA\nProgram rencana tindak lanjut untuk OH berikutnya sudah dibuat tanpa melibatkan bidang OME','Stabilizing (Bertindak sebatas merespon kebakaran)','PJB, UBJOM JAWA & UBJOM LUAR JAWA\nProgram rencana tindak lanjut untuk OH berikutnya sudah dibuat, namun belum detail. Data base masih dalam aplikasi manual. \nRTL dibuat  ≥49 hari setelah syncrone\n','Preventing (Ada usaha untuk melakukan pencegahan)','PJB, UBJOM JAWA & UBJOM LUAR JAWA\nProgram rencana tindak lanjut untuk OH berikutnya sudah dibuat secara detail.Data base sudah ada di  Web MO 35%  < x < 60% updated. \nRTL dibuat  42≤x<49 hari setelah syncrone\n','Optimizing (Adanya usaha optimasi sumberdaya & improvement)','PJB, UBJOM JAWA & UBJOM LUAR JAWA\nProgram rencana tindak lanjut untuk OH berikutnya sudah dibuat secara detail. Data base sudah ada di  Web MO 60%  < x < 80% updated.\nRTL dibuat  35≤x<42 hari setelah syncrone','Excellence (Mencapai keunggulan optimasi sumberdaya & continuous improvement)','PJB, UBJOM JAWA & UBJOM LUAR JAWA\nProgram rencana tindak lanjut untuk OH berikutnya dibuat secara detail. Data base sudah ada di Web MO 100% updated  \nRTL dibuat secara detail < 28 hari setelah syncrone\n\n\n'),(542,149,'I2.1.1','JENIS, JUMLAH TOOLS & TEKNOLOGI PDM','Deskripsi : \nJenis teknologi PdM menunjukkan bagaimana teknik yang digunakan untuk meminitor kondisi peralatan. Setiap teknik dan teknologi PdM mimiliki fungsi yang spesifik. Diperlukan lebih dari satu teknik untuk dapat memonitor kondisi peralatan sehingga didapatkan hasil yang optimal. Pengukuran  dilakukan dengan integrasi beberapa peralatan PdM untuk memperoleh analisa yang lebih tajam\n\nReferensi : \n1. Maintenance Enginering Handbook, R.Keith Mobley, Mc Graw Hill, 2008\n2. An Introduction to Predictive Maintenance, R.Keith Mobley, Butterworth-Heinemann, 1999\n\nKeterangan :\nKelompok teknik dan teknologi PdM:\n1. Visual Inspection\n2. Vibration Monitoring\n3. Thermography\n4. Tribology\n5. Dissolved Gas Analysis (DGA)\n6. Motor Circuit Analysis (MCA)\n7. Partial Discharge (PD)\n\n',0.05,'Fire Fighting (menunggu & memadamkan kebakaran)','Vibration Monitoring dan Thermography. Dibuktikan dengan kondisi berikut, \n1. Dokumen matrix implementasi teknologi PdM untuk Vibration Monitoring, Thermography dan disetujui oleh Manajer terkait.\n2. Dokumen workshop update dan review matriks teknologi minimal 1 semester sekali\n3. Dokumen Workshop dihadiri oleh bidang operasi, pemeliharaan dan system owner.\n4. Melaksanakan pengukuran sendiri  atau mendapat support dari vendor/unit lain terkait  Vibration Monitoring dan Thermography dengan menunjukkan hasil pengukuran dan analisa, sertifikat kalibrasi tools Vibration Monitoring & Thermography atau dokumen tool Vibration Monitoring & Thermography  yang telah di verifikasi terhadap alat yang terkalibrasi\n','Stabilizing (Bertindak sebatas merespon kebakaran)','Tribology. Dibuktikan dengan kondisi berikut\n1. Dokumen matrix implementasi teknologi PdM untuk triboligy yang disetujui oleh Manajer terkait.\n2. Dokumen OA penyampaian hasil workshop\n3.  Level 1 sudah terlaksana dan melaksanakan pengukuran sendiri atau mendapat support dari vendor/unit lain terkait tribology dengan menunjukkan dokumen hasil pengukuran dan analisa, sertifikat kalibrasi tools tribology  atau dokumen tool tribology yang telah di verifikasi terhadap alat yang terkalibrasi','Preventing (Ada usaha untuk melakukan pencegahan)','Dissolved Gas Analysis (DGA).  Dibuktikan dengan kondisi berikut, \n1.  Dokumen matrix implementasi teknologi PdM untukDissolved Gas Analysis (DGA) dan disetujui oleh Manajer terkait.\n2. Level 2 sudah terlaksana dan melaksanakan pengukuran sendiri atau mendapat support dari vendor/unit lain terkait Dissolved Gas Analysis (DGA) dengan menunjukkan dokumen hasil pengukuran dan analisa, sertifikat kalibrasi tools DGA  atau dokumen tool DGA yang telah di verifikasi terhadap alat yang terkalibrasi','Optimizing (Adanya usaha optimasi sumberdaya & improvement)','Motor Circuit Analysis (MCA) dan Ultrasonic Condition Monitoring. Dibuktikan dengan kondisi berikut,\n1. Dokumen matrix implementasi teknologi PdM untuk Motor Circuit Analysis (MCA) dan Ultrasonic Condition Monitoring diaplikasikan pada peralatan Pembangkit sesuai dengan jumlah teknologinya dan disetujui oleh Manajer terkait.\n2. Level 3 sudah terlaksana dan melaksanakan pengukuran sendiri atau mendapat support dari vendor/unit lain terkait MCA dan Ultrasonic Condition Monitoring dengan menunjukkan dokumen hasil pengukuran dan analisa, sertifikat kalibrasi tools MCA   atau dokumen tool MCA yang telah di verifikasi terhadap alat yang terkalibrasi','Excellence (Mencapai keunggulan optimasi sumberdaya & continuous improvement)','Partial Discharge (PD). Dibuktikan dengan kondisi berikut, \n1. Ada dokumen matrix implementasi teknologi PdM untuk Partial Discharge (PD) dan disetujui oleh Manajer terkait.\n2. Level 4 sudah terlaksana dan melaksanakan pengukuran sendiri atau mendapat support dari vendor/unit lain dalam penerapan ODS/modal analysis, online monitoring untuk peralatan critical yang terintegrasi dengan program NDT\nterkait Partial Discharge (PD) dengan menunjukkan dokumen hasil pengukuran dan analisa, sertifikat kalibrasi tools Partial Discharge (PD) atau dokumen tool Partial Discharge (PD) yang telah di verifikasi terhadap alat yang terkalibrasi'),(543,149,'I2.1.2','SERTIFIKASI DAN KUALIFIKASI PERSONAL PDM','Deskripsi : \nMenunjukan persentasi personil PdM yang memiliki sertifikasi terkait pekerjaan yang dilakukan\n\nReferensi : \n1. Maintenance Enginering Handbook, R.Keith Mobley, Mc Graw Hill, 2008\n2. An Introduction to Predictive Maintenance, R.Keith Mobley, Butterworth-Heinemann, 1999\n\n\n',0.05,'Fire Fighting (menunggu & memadamkan kebakaran)','Personel ada, namun belum bersertifikasi formal. Dibuktikan dengan kondisi berikut,\n1. Ada dokumen matrik Personil PdM vs penugasan PdM (dengan kategori Sertifikat / non sertifikat) yang diapprove oleh Manajer terkait\n2. Dokumen mapping kebutuhan sertifikasi\n','Stabilizing (Bertindak sebatas merespon kebakaran)','Setidaknya 30% personil bersertifikat kompetensi yang dikeluarkan PJB dengan level tertinggi pada setiap teknologi yang digunakan','Preventing (Ada usaha untuk melakukan pencegahan)','Setidaknya 70% personil bersertifikat kompetensi yang dikeluarkan PJB dengan level tertinggi pada setiap teknologi yang digunakan','Optimizing (Adanya usaha optimasi sumberdaya & improvement)','100 % personil bersertifikat kompetensi yang dikeluarkan PJB dengan level tertinggi pada setiap teknologi yang digunakan','Excellence (Mencapai keunggulan optimasi sumberdaya & continuous improvement)','100 % personil bersertifikat kompetensi yang dikeluarkan PJB dan bersertifikat internasional dengan level tertinggi pada setiap teknologi yang digunakan'),(544,149,'I2.1.3','STANDARD OPERATION PROCEDURE, SETUP DATA BASE & PELAKSANAAN PDM','Deskripsi : \nSet up data base PdM menunjukkan kelengkapan data base PdM yang diperlukan untuk dapat menghasilkan output PdM yang optimal meliputi acquisition, set up analisa, set boundary, alert & alarm, kesesuaian tranducer.   \n\nReferensi : \n1. Maintenance Enginering Handbook, R.Keith Mobley, Mc Graw Hill, 2008\n2. An Introduction to Predictive Maintenance, R.Keith Mobley, Butterworth-Heinemann, 1999\n\nKeterangan :\n1. Acquisition/frerkuensi: jadwal dan lama pekerjaan pengambilan/pengukuran data sesuai dengan kelompok/kelas peralatan.\n2. Set up analisa parameter: parameter standart sebagai data base yang akan dianalisa sesuai dengan kelas/kelompok peralatan\n3. Set boundary for signature analysis: setting lower-upper limit untuk tools PdM sehingga data bisa terbaca dengan baik.  \n4. Alert dan alarm: batasan alert dan alarm yang menunjukkan kondisi peralatan \n5. Kesesuaian tranducer\n6. SOP: Standard Operation Prosedure: cara pengoperasian peralatan PdM, urutan dan kelengkapan pekerjaan, termasuk jumlah orang, lama pekerjaan,  APD.  \n',0.1,'Fire Fighting (menunggu & memadamkan kebakaran)','Predictive Maintenance dilaksanakan dengan tidak formal standard dan pelaksanaannya tidak terjadwal. Dibuktikan dengan dokumen instruksi kerja sudah dibuat sesuai dengan penerapan tools teknologi PDM','Stabilizing (Bertindak sebatas merespon kebakaran)','Predictive Maintenance dilaksanakan  berdasarkan pada skill individu dan input data oleh banyak teknisi. Dibuktikan dengan kondisi berikut, \n1. Dokumen Prosedur pelaksanaan proses PdM/SOP  dan didalam prosedur  terdapat satefy dan unsur proses PDCA.\n2. Dokumen monitoring dan evaluasi atas rekomendasi hasil penerapan teknologi PDM\n3. Dokumen jadwal pelaksanaan Pdm meliputi peralatan , tools/teknologi, waktu dan pelaksana Pdm yang diapprove oleh Manager Engineering\n4. Dokumen penjadwalan  workshop Update standard, SOP-IK, database  dan jadwal  selama 1 tahun dan disyahkan manager engineering\n5. Dokumen hasil workshop disampaikan ke bidang terkait melalui OA\n6. Telah melaksanakan prosedur Level 1 dan terdapat dokumen rekapitulasi pelaksanaan Pdm per bulan yang diapprove oleh Manager Engineering dan dokumen laporan PdM (Pelaksanaan Pdm 50% - 70 % dari jadwal Pdm)\n7. Penjadwalan seluruh aktivitas rutin PdM telah terintegrasi kedalam CMMS','Preventing (Ada usaha untuk melakukan pencegahan)','Predictive Maintenance dilaksanakan dengan standard dan pengukuran dilakukan oleh personil PdM serta ketepatan jadwal kurang dari 70 %. Dibuktikan dengan kondisi berikut,\n\n1. Database standar Predictive Maintenance yang meliputi set-up analisa parameter peralatan dan batasan alarm dari setiap peralatan yang diapprove oleh Manager Engineering\n2. Dokumen Penyusunan/ update dan review Database standard PdM\n3. Dokumen Pelaksanaan Workshop sesuai jadwal (Undangan dengan OA, notulen dan daftar hadir)\n4. Penjadwalan seluruh aktivitas rutin PdM & database hasil PdM  telah terintegrasi dalam CMMS (condition monitoring)','Optimizing (Adanya usaha optimasi sumberdaya & improvement)','1. Predictive Maintenance dilaksanakan sesuai Standard dan dilakukan pengontrolan terhadap pekerjaan Pdm, serta ketepatan jadwal pelaksanaan Pdm 70 % - 80 % dari jadwal Pdm\n2. Setting alarm/batasan peralatan PdM telah terintegrasi kedalam CMMS untuk memunculkan WO','Excellence (Mencapai keunggulan optimasi sumberdaya & continuous improvement)','Standar yang tinggi dan disertai proses Management of Change utk review. Dibuktikan dengan kondisi berikut, \n1. Dokumen rekapitulasi pelaksanaan Pdm yang diapprove oleh Manager Engineering dan laporan PdM (Pelaksanaan Pdm > 80 % dari jadwal Pdm)\n2. Kajian improvement SOP standard dan Setup Database PdM yang dilengkapi dengan referensi dan approval  Manager Engineering\n3. Hasil dari Condition monitoring CMMS telah dilakukan evaluasi dan sebagai referensi dalam penjadwalan/program PdM berikutnya.'),(545,149,'I2.1.4','ANALISA KONDISI & RCA','Deskripsi : \nAnalisa yang dilakukan dengan menggunakan standar baku yang bersumber dari sumber resmi akan memberikan konsistensi analisa dan selalu dilakukan review serta update berdasarkan hasil\nAlarm ditentukan dari sumber resmi yang terpercaya sehingga dapat memberikan peringatan pada waktu yang tepat\n\nReferensi : \n1. Maintenance Enginering Handbook, R.Keith Mobley, Mc Graw Hill, 2008\n2. An Introduction to Predictive Maintenance, R.Keith Mobley, Butterworth-Heinemann, 1999\n\nKeterangan :\nAnalisa dan alarm meliputi:\n1. Penyebab (RCA)\n2. Rekomendasi tindakan, biaya dan waktu\n3. Analisa Dampak bila tidak dilaksanakan',0.1,'Fire Fighting (menunggu & memadamkan kebakaran)','Analisa dilakukan, akan tetapi belum menggunakan standar dan analisa dilakukan pada kondisi tertentu. Dibuktikan dengan kondisi berikut, \n1. Dokumen analisa  belum menggunakan standart resmi\n2. Dokumen analisa data dari hasil pengukuran secara lengkap pada kondisi saat dibutuhkan','Stabilizing (Bertindak sebatas merespon kebakaran)','Analisa dilakukan dengan format standart akan tetapi analisa masih berdasarkan pada skill individu dan input dari teknisi hanya berisi rekomendasi dan tindakan serta analisa dilakukan pada kondisi tertentu. Dilampiri dokumen,\n1. Dokumen Analisa hanya pada critical aset dengan alarm high dengan standart resmi berisi rekomendasi dan  tindakan\n2. Dokumen analisa data dari hasil pengukuran secara lengkap setiap semester','Preventing (Ada usaha untuk melakukan pencegahan)','Analisa dengan melakukan RCA pada sebagian peralatan yang mengalami alarm High dengan inputan analisa yang berasal dari sumber resmi berisi  rekomendasi,  tindakan,dampak, biaya dan waktu serta analisa dilakukan setiap triwulan. Dilampiri dengan dokumen berikut, \n1. Dokumen Analisa dan RCA memenuhi level 2 hanya pada critical aset dengan alarm high dilengkapi dengan dampak, biaya dan waktu\n2. Dokumen Analisa dengan integrasi seluruh metode PdM sesuai E&T Matriks\n3. Dokumen analisa data dari hasil pengukuran secara lengkap setiap triwulan','Optimizing (Adanya usaha optimasi sumberdaya & improvement)','Analisa dengan melakukan RCA dengan format CBA pada seluruh peralatan critical asset yang mengalami alarm High dengan melakukan monitoring dan update RCA berdasarkan hasil serta analisa dilakukan setiap triwulan. Dilampiri dengan dokumen berikut, \n1. Dokumen Analisa dan RCA memenuhi level 3 pada seluruh critical aset dengan alarm high menggunakan format CBA\n2. Dokumen Analisa dengan referensi dari data PM dan operasi\n3. Dokumen analisa data dari hasil pengukuran secara lengkap setiap bulan','Excellence (Mencapai keunggulan optimasi sumberdaya & continuous improvement)','Memenuhi level 4 dan Analisa dengan melakukan RCA pada kegagalan (Alarm High) setiap peralatan yang dimonitoring dengan format LCCM serta analisa dilakukan setiap bulan. Dilampiri dokumen berikut, \n1. Dokumen Analisa dan RCA pada semua peralatan yang dimonitoring dengan format LCCM\n2. Dokumen analisa data dari hasil pengukuran secara lengkap dari analisis trending operasi'),(546,149,'I2.1.5','WO BERDASARKAN TEMUAN PDM','Deskripsi : \nMenunjukkan efektifitas dari tindak lanjut output PdM mulai dari pembuatan rekomendaasi, pelaksanaan pekerjaan, test hasil , akurasi rekomendasi, monitoring dan feedback.\n\nReferensi : \n1. Maintenance Enginering Handbook, R.Keith Mobley, Mc Graw Hill, 2008\n2. An Introduction to Predictive Maintenance, R.Keith Mobley, Butterworth-Heinemann, 1999\n\nKeterangan :\nTabel yang berisikan:\n1. Rekomendasi\n2. No WO\n3. Work log aktual\n4. Work result\n5. Monitoring dan trending ',0.05,'Fire Fighting (menunggu & memadamkan kebakaran)','Sebagian kecil menjadi WO PdM dengan dokumen Dokumen Laporan Predictive Maintainance yangg diapproval Manager Engineering dan dokumen pengantar (OA) dari setiap bulan\n\nMonitoring WO PdM sebatas pembuatan WO dengan dokumen Dokumen monitoring rekomendasi PdM (rekomendasi PdM, no WO)','Stabilizing (Bertindak sebatas merespon kebakaran)','< 50 % laporan PdM menjadi WO PdM dan <40 % tindak lanjut penyelesain  sesuai dengan rekomendasi PdM. < 50 % hasil pekerjaan memenuhi standart teknologi PdM. Dilampiri dengan dokumen berikut : \n1. Dokumen laporan rekapitulasi temuan PdM dan WO PdM yang diapproval Manager Engineering\n2. Dokumen laporan kesesuaian rekomendasi PdM dan  action/tindakan pada WO PdM yang diapproval Manager Engineering\n3. Dokumen laporan work result\n\nMonitoring WO PdM sampai dengan proses pelaksanaan WO PdM dilampiri dokumen monitoring rekomendasi PdM & WO PdM (rekomendasi PdM, WO, Worklog eksekusi, Result)','Preventing (Ada usaha untuk melakukan pencegahan)','50% sd 75% laporan PdM menjadi WO PdM dan 40% sd 70% tindak lanjut penyelesain  sesuai dengan rekomendasi PdM. 50% sd 70% hasil pekerjaan memenuhi standart teknologi PdM.Dilampiri dokumen berikut :\n1. Dokumen laporan rekapitulasi temuan PdM dan WO PdM yang diapproval Manager Engineering\n2. Dokumen laporan kesesuaian rekomendasi PdM dan  action/tindakan pada WO PdM yang diapproval Manager Engineering\n3. Dokumen laporan work result\n\nMonitoring WO PdM sampai dengan hasil yang diperoleh dan dilakukan review serta evaluasi dilampiri dokumen monitoring rekomendasi PdM & WO PdM (rekomendasi PdM, WO, Worklog eksekusi, Result, Evaluasi Rekomendasi)','Optimizing (Adanya usaha optimasi sumberdaya & improvement)','75% sd 95% laporan PdM menjadi WO PdM dan 71% sd 95% tindak lanjut penyelesain  sesuai dengan rekomendasi PdM. 70% sd 90% hasil pekerjaan memenuhi standart teknologi PdM. Dilampiri dokumen berikut : \n1. Dokumen laporan rekapitulasi temuan PdM dan WO PdM yang diapproval Manager Engineering\n2. Dokumen laporan kesesuaian rekomendasi PdM dan  action/tindakan pada WO PdM yang diapproval Manager Engineering\n3. Dokumen laporan work result\n\n\nMonitoring Wo PdM sampai dengan 3 bulan pasca pelaksanaan dan dilakukan review serta evaluasi. Dilampiri Dokumen monitoring rekomendasi PdM & WO PdM (rekomendasi PdM, WO, Worklog eksekusi, Result, Evaluasi Rekomendasi) serta evaluasi pasca pelaksanaan pekerjaan selama 3 bulan','Excellence (Mencapai keunggulan optimasi sumberdaya & continuous improvement)','90% sd 100% laporan PdM menjadi WO PdM dan 96% sd 100% tindak lanjut penyelesain  sesuai dengan rekomendasi PdM. 90% sd 100% hasil pekerjaan memenuhi standart teknologi PdM. Dilampiri dokumen berikut :\n1. Dokumen laporan rekapitulasi temuan PdM dan WO PdM yang diapproval Manager Engineering\n2. Dokumen laporan kesesuaian rekomendasi PdM dan  action/tindakan pada WO PdM yang diapproval Manager Engineering\n3. Dokumen laporan work result\n\nMonitoring Wo PdM sampai dengan 3 bulan pasca pelaksanaan dan dilakukan review serta evaluasi. Dilampiri Dokumen monitoring rekomendasi PdM & WO PdM (rekomendasi PdM, WO, Worklog eksekusi, Result, Evaluasi Rekomendasi) serta evaluasi pasca pelaksanaan pekerjaan selama 6 bulan'),(547,150,'12.2.1','Peta Improvement Enjiniring','Deskripsi :\nPeta Improvement Enjiniring  adalah suatu form hasil pemetaan data pendukung yang didapatkan dari diskusi dan komunikasi  Tim Engineering .\n\nData pendukung:\n1. Pareto Heat rate dan Pareto Auxilary Power dikeluarkan oleh Rendal Ops   ( stream Effisiensi management) \n2. Pareto loss output  dan OEE dikeluarkan oleh Rendal Ops (stream Operasi management) \n3. Pareto Maintenance Cost dan frequency failure dikeluarkan oleh RendalHar (stream WPC)\n4. Pareto Unreliability dan Reliability Index dikeluarkan oleh Engineering(stream Reliability)\n5. Performance Test (Opearsi)\n6. Remaining Life Assessment (RLA)\n7. Data Analisa REMDO (UP Paiton, UBJOM Paiton, UBJOM Rembang dan UBJOM Indramayu) \n8. Data lainnya. (Regulasi Safety, Lingkungan, Standar Baru, Best Practice dll)',0.15,'Fire Fighting (menunggu & memadamkan kebakaran)','Proses evaluasi data pendukung dan pemetaan data dilakukan oleh perseorangan namun belum secara detail dan belum terdokumentasi  dengan baik. Periode waktunya juga masih bersifat sporadis','Stabilizing (Bertindak sebatas merespon kebakaran)','Proses evaluasi data pendukung dan pemetaan data sudah dilakukan, namun belum detail dan belum terdokumentasi  dengan baik dalam Form Peta Improvement Enjiniring. Updating peta improvement enjinering baru dilakukan setahun sekali.','Preventing (Ada usaha untuk melakukan pencegahan)','- Proses evaluasi data pendukung dan pemetaan data sudah dilakukan secara detail dan terdokumentasi  dengan baik dalam Form Peta Improvement Enjiniring\n- Peta improvement enjinering diupdate 6 bulan sekali untuk mengakomodasi isu terkini terkait unit pembangkit. ','Optimizing (Adanya usaha optimasi sumberdaya & improvement)','- Proses evaluasi data pendukung dan pemetaan data sudah dilakukan secara detail dan terdokumentasi  dengan baik dalam Form Peta Improvement Enjiniring.\n- Peta improvement enjinering diupdate 3 bulan sekali untuk mengakomodasi isu terkini terkait unit pembangkit. \n- Dokumen ini tersimpan dalam media penyimpanan berbasis database yang bisa diakses secara online sehingga tidak memunculkan ketergantungan personil.','Excellence (Mencapai keunggulan optimasi sumberdaya & continuous improvement)','Telah memenuhi proses sebelumnya secara konsisten. Selain itu data pada peta improvement Enjinering terbukti telah dimanfaatkan oleh bidang selain Enjinering, dievaluasi rutin oleh Manajemen dan dipergunakan dalam pengambilan keputusan.'),(548,150,'12.2.2','Tools Analisis Enjiniring','Merupakan teknik analisis untuk menginvestigasi dan menyelesaikan permasalahan keandalan unit. Teknik analisa yang dipilih dapat menggunakan beberapa alternatif tools (FMEA, RCFA, Analisa Pareto, Fault Tree Analisys, Fish bone, Pemodelan dsb) sesuai dengan permasalahan. Analisa dilakukan dengan mempertimbangkan fakta-fakta di lapangan dan informasi dari sumber terpercaya, bukan berdasarkan asumsi-asumsi. Data formal dari CMMS harus menjadi pertimbangan utama.\n\n\nReferensi : \n1. Maintenance Enginering Handbook, R.Keith Mobley, Mc Graw Hill, 2008\n2. Root Cause Failure Analysis, R.Keith Mobley, Butterworth-Heinemann, 1999\n3. Standard Internasional lainnya.',0.3,'Fire Fighting (menunggu & memadamkan kebakaran)','Unit selama ini sudah melakukan workshop Analysis namun belum berdasarkan distribusi form Peta Improvement Enjiniring dan belum dilakukan evaluasi dan monitoring rekomendasi \nAnalisis Enjinering (FMEA, RCFA, Analisa Pareto, Fault Tree Analisys, Fish bone, Pemodelan dsb)  tidak dilakukan secara pro-aktif atau hanya dilakukan dan dibuat karena adanya permintaan bidang lain','Stabilizing (Bertindak sebatas merespon kebakaran)','- Unit sudah melakukan workshop Analysis  berdasarkan distribusi dari Form Peta Improvement Enjiniring dan sudah dilakukan evaluasi dan monitoring rekomendasi secara detail\n- Analisis Enjiniring (FMEA, RCFA, Analisa Pareto, Fault Tree Analisys, Fish bone, Pemodelan dsb) dilakukan internal Enjinering tanpa melibatkan bidang lain sebagai nara sumber\n- Data kerusakan (failure mode, failure cause, dampak) berdasarkan asumsi, tidak berdasarkan data CMMS\n- Analisa enjiniring hanya menghasilkan rekomendasi jangka pendek (Corrective Action) untuk perbaikan kerusakan','Preventing (Ada usaha untuk melakukan pencegahan)','- Unit sudah melakukan workshop Analysis  berdasarkan distribusi dari Form Peta Improvement Enjiniring dan sudah dilakukan evaluasi dan monitoring rekomendasi secara detail serta terdokumentasi dengan baik\n- Analisis Enjiniring dilakukan dengan melibatkan bidang lain hanya sebagai nara sumber, dibuktikan dengan absensi workshop\n- Data kerusakan (failure mode, failure cause, dampak) berdasarkan temuan fakta di lapangan, informasi nara sumber lapangan (praktisi, personil yang ada saat insiden)\n- Analisa Enjiniring telah memuat rekomendasi jangka pendek dan jangka panjang (pencegahan, pengurangan kemungkinan kejadian/dampak)','Optimizing (Adanya usaha optimasi sumberdaya & improvement)','Unit sudah melakukan workshop Analysis  berdasarkan distribusi dari Form Peta Improvement Enjiniring dan sudah dilakukan evaluasi dan monitoring rekomendasi secara detail  berbasis webbase sehingga dapat di akses oleh bidang internal/eksternal yang membutuhkan.\n- Analisis Enjiniring dilakukan dengan melibatkan bidang lain secara aktif sebagai bagian tim investigasi, dibuktikan dengan dokumentasi investigasi bersama di lapangan dalam dokumen analisa dan approval dokumen\n- Data kerusakan (failure mode, failure cause, dampak) selain dari fakta lapangan dan informasi nara sumber, juga berdasarkan data Failure Mode Failure Cause dan data lain dari CMMS (dapat diintegrasikan sebagai tindak lanjut FRACAS di WPC)\n- DIstribusi hasil analisa dilakukan secara manual (OA, laporan manual), belum terintegrasi secara CMMS.','Excellence (Mencapai keunggulan optimasi sumberdaya & continuous improvement)','Unit sudah melakukan workshop Analysis  berdasarkan distribusi dari Form Peta Improvement Enjiniring dan sudah dilakukan evaluasi dan monitoring rekomendasi secara detail berbasis web base sehingga dapat di akses oleh bidang internal / eksternal yang membutuhkan serta sistem sudah terintegrasi dengan bidang lain termonitor oleh  manajemen secara kontinyu.\n- Analisa Enjinering telah memuat lesson learned dan dikomunikasikan dengan seluruh pihak terkait tanpa terkecuali secara interaktif (PGD, COP dsb). Komunikasi dilakukan setelah nalisa enjinering selesai dilakukan, bukan pada saat proses penyusunan.\n- Analisa enjiniring didistribusikan ke semua pihak terkait dan terintegrasi di CMMS\n- Dilakukan monitoring atas rekomendasi dalam analisa enjinering hingga menjadi program kerja (RKAP, WO, penentuan strategi persediaan material, standard job/job plan baru, IK, dsb)\n'),(549,150,'I2.2.3','RAM (Reliability Availability Maintainability) Analysist','Deskripsi : \nSuatu metode untuk memprediksikan Reliability, termasuk Maintainability dan Availability (RAM) dari suatu system atau subsystem melalui proses kalkulasi failure rate untuk dapat mengukur secara kuantitatif deviasi antara design reliability dengan acieveable reliability sehingga bisa diprediksikan potensi kontributor utama terhadap failure/unreliability dari suatu system. \n\nReferensi : \n1. The Certified Reliability Engineer Handbook, Donald W.Benbow, American Society for Quality, 2009\n2. Reliability, Maintainability & Risk, David J Smith, Butterworth-Heinemann, 2001\n\nKeterangan :\nPada sub area ini, terdapat 3 bagian yang harus diperhatikan oleh Tim Enjinering dalam penyusunan RAM Analysis, yaitu kualitas model, kualitas data, proses analisis dan pemanfaatan data.\n\nModel diharapkan dapat mencakup seluruh peralatan di unit termasuk K3 dan lingungan. Model sudah divalidasi dengan data riil dengan deviasi minimum sehingga kesimpulan pemodelan akurat.\n\nData berasal dari CMMS yang berkualitas sehingga meminimalkan intervensi dari Egineer. Data yang dipergunakan untuk analisis bersifat update sehingga mencerminkan potret di lapangan.\n\nEngineer diharapkan dapat menginterpretasikan parameter-parameter terkait Reliability dan membawanya ke Manajemen. Lebih lanjut data pemodelan dapat dipergunakan sebagai dasar menyusun LCCE, RKAU, dan RJPU pada 5 tahun mendatang\n\n\n\n',0.05,'Fire Fighting (menunggu & memadamkan kebakaran)','Model\nRBD sudah disusun tapi hanya bersifat gambar, tidak terdapat formulasi di dalamnya. RBD disusun pada system main equipment\n\nData\nData yang dipakai masih tersebar-sebar dan disiapkan secara manual\n\nAnalisis\n- Frekuensi analisis masih bersifat sporadis\n- Hasil analisis belum dimanfaatkan','Stabilizing (Bertindak sebatas merespon kebakaran)','Model\n- Pada model sudah nampak formulasi antar network RBD sehingga Reliability index pada level terbawah bisa diagregasi pada level di atasnya\n- RBD sudah disusun pada sistem main equipment\n\nData\n- Data diambil dari CMMS namun masih dilakukan adjustment manual karena data kurang berkualitas. Data yang langsung bisa dimanfaatkan ≤ 50%\n- Data yang dipakai analisis adalah data yang diupdate lebih dari 3 bulan sebelum waktu analisis\n\nAnalisis dan Pemanfaatan\n- distribusi data TTF diketahui, namun masih diperlukan justifikasi manual untuk mengetahui distribusi data. Paramater terkait Reliability (koefisien distribusi, failure rate, MTBF, MTTR, Reliability Index, availability, maintainability) belum diketahui secara pasti\n- Analisis rutin dilaksanakan setahun sekali\n- Hasil analisis dimanfaatkan sebagai pelengkap program terkait saja','Preventing (Ada usaha untuk melakukan pencegahan)','Model\n- Pada model sudah nampak formulasi antar network RBD sehingga Reliability index pada level terbawah bisa diagregasi pada level di atasnya\n- RBD sudah disusun pada sistem main equipment\n\nData\n- Data diambil dari CMMS namun masih dilakukan adjustment manual karena data kurang berkualitas. Data yang langsung bisa dimanfaatkan 50-90%\n- Data yang dipakai analisis adalah data yang diupdate paling lama 1-3 bulan sebelum waktu analisis\n\nAnalisis dan Pemanfaatan\n- Paramater terkait Reliability (koefisien distribusi, failure rate, MTBF, MTTR, Reliability Index,  availability, maintainability) sudah diketahui namun masih bersifat individual per equipment\n- Analisis rutin dilaksanakan 6 bulan sekali\n- Sudah dilakukan interpretasi atas masing-masing parameter Reliability\n- Hasil analisis dimanfaatkan dimanfaatkan untuk menyusun LCCE','Optimizing (Adanya usaha optimasi sumberdaya & improvement)','Model\n- Memenuhi level sebelumnya dan RBD sudah disusun pada sistem main equipment dan BOP\n- Model sudah divalidasi dengan kondisi real dengan deviasi > 10%\n\nData\nData diambil dari CMMS namun masih dilakukan adjustment manual karena data kurang berkualitas. Data yang langsung bisa dimanfaatkan > 90%\n- Data yang dipakai analisis adalah data yang diupdate paling lama sebulan sebelum waktu analisis\n\nAnalisis dan Pemanfaatan\n- Paramater terkait Reliability (koefisien distribusi, failure rate, MTBF, MTTR, Reliability Index,  availability, maintainability) sudah diketahui, sudah dimasukkan ke dalam RBD sehingga parameter reliability bisa diagregrasi sampai level system maupun unit\n- Sudah dilakukan interpretasi atas masing-masing parameter Reliability yang dipahami manajemen\n- Analisisis rutin dilakukan 3 bulan sekali\n- Hasil analisis dipergunakan untuk penyusunan RJPU/RKAU pada periode setidaknya tahun n+1','Excellence (Mencapai keunggulan optimasi sumberdaya & continuous improvement)','Model\n- Sudah memenuhi level sebelumnya dan RBD sudah disusun pada sistem main equipment, BOP, peralatan safety, dan lingkungan\n- Model sudah divalidasi dengan kondisi real dengan deviasi < 10%\n\nData\n- Data diambil dari CMMS tanpa melakukan manual adjustment sama sekali\n- Data yang dipakai analisis adalah data yang bersifat real time dari CMMS\n\nAnalisis dan Pemanfaatan\n- Paramater terkait Reliability (koefisien distribusi, failure rate, MTBF, MTTR, Reliability Index,  availability, maintainability) sudah diketahui, sudah dimasukkan ke dalam RBD sehingga parameter reliability bisa diagregrasi sampai level system maupun unit\n- Sudah dilakukan interpretasi atas masing-masing parameter Reliability yang dipahami manajemen\n- Analisisis rutin dilakukan sebulan sekali\n- Hasil analisis dipergunakan untuk penyusunan RJPU/RKAU pada periode 5 tahun berikutnya'),(550,150,'I2.2.4','Life Cycle Cost Analysis (LCCA)','Deskripsi : \nLCCA menunjukkan kepada total biaya kepemilikan asset yang harus dikeluarkan selama umur dari asset yang meliputi dengan memperhitungkan semua biaya untuk memperoleh (aquisition cost), mengoperasikan (operation cost), memelihara (manitenance cost), dan membuang (disposal cost) suatu sistem.\n\n\nReferensi : \n\n\nKeterangan :\nTotal Cost = Aquisition Cost + Operation Cost + Manitenance Cost + Disposal Cost \n\n1. Time to Replace \n2. Acquisition Cost \n3. Operation Cost\n4. Maintenance Cost \n5. Disposal Cost\n6. Economic Life / Min EAC \n\nSeluruh asset yang ada di pemodelan RBD harus dilengkapi dengan LCCA dengan target mengeluarkan 3 skenario dari asset:\n1. Keep an maintain as usual\n2. Keep and improve\n3. Replace with existing or other candidate\n\nOutput skenario tersubut akan digunakan untuk Long Term Planning.\n\nKeterangan:\nMaintenance cost to RAV sudah di lakukan pengukuran oleh stream WPC',0.05,'Fire Fighting (menunggu & memadamkan kebakaran)','Life Cycle Cost Analysis (LCCA)  belum dilakukan. Total biaya kepemilikan tidak diakui sebagai pendorong dalam proses utama.','Stabilizing (Bertindak sebatas merespon kebakaran)','Life Cycle Cost Analysis (LCCA)  belum dilakukan. Total biaya kepemilikan tidak diakui sebagai pendorong dalam proses utama.\n\nLCCA dengan dasar  ECP untuk project Modifikasi\n\nAnalisis LCCA','Preventing (Ada usaha untuk melakukan pencegahan)','LCCA dilakukan  menggunakan standard resmi yang dikeluarkan oleh corporate dan pemodelan RAMS untuk equipment eksisting dan new asset\n\nLCCA  digunakan sebagai  pendukung 50% - 75% dari program RJPP-RKAP ','Optimizing (Adanya usaha optimasi sumberdaya & improvement)','LCCA dilakukan menggunakan pemodelan RAM  diterapkan untuk seluruh capital project dan main equipment (BTG) untuk mendapatkan Economic Life (Minimum Total Cost). Data LCCE sudah bisa direview secara online di modul asset CMMS Ellipse/Maximo\n\nLCCA  digunakan  sebagai  pendukung 75% - 95% dari program RJPP-RKAP ','Excellence (Mencapai keunggulan optimasi sumberdaya & continuous improvement)','LCCA dilakukan menggunakan pemodelan RAM  diterapkan untuk seluruh capital project dan seluruh equipment yang berpengaruh pada plant reliability dan project untuk mendapatkan Economic Life (Minimum Total Cost). Data LCCE sudah bisa direview secara online di modul asset CMMS Ellipse/Maximo'),(551,150,'I2.2.5','Maintenance Priority Index (MPI), Asset Health and Reliability Index','Deskripsi : \nMPI adalah satu database yang dapat menunjukkan prioritas asset untuk dilakukan pemeliharaan yang ditentukan oleh beberapa kriteria.\n\nAsset Health menunjukkan kondisi peta kesehatan dari asset.\n\nReliability Index menunjukkan tingkat keandalan dari suatu asset\n\nReferensi : \nMaintenance Enginering Handbook, R.Keith Mobley\n\nKeterangan :\nKondisi peralatan dimonitor dengan RBD yang disimulasikan sampai pada overhaul berikutnya\nHijau    =  tidak ada equipment down\nKuning = ada equipment down tetapi tidak membuat plant down\nMerah = ada equipment down yang membuat plant down',0.05,'Fire Fighting (menunggu & memadamkan kebakaran)','Unit sudah menyusun MPI berdasarkan standard nilai aset dan telah dijadikan  sebagai pedoman pelaksanaan kajian internal proses bisnis enjiniring  setiap 1 tahun sekali terdokumen dengan baik.','Stabilizing (Bertindak sebatas merespon kebakaran)','Unit sudah menyusun MPI berdasarkan standard nilai aset dan telah dijadikan  sebagai pedoman pelaksanaan kajian internal proses bisnis enjiniring  setahun 2 kali terdokumen dengan baik.','Preventing (Ada usaha untuk melakukan pencegahan)','Unit sudah menyusun MPI berdasarkan parameter kondisi kesehatan unit  dan telah dijadikan  sebagai pedoman pelaksanaan kajian internal proses bisnis enjiniring 2 kali dalam setahun, terdokumen dengan baik dan didistribusikan secara manual (OA, laporan manual) ke bidang lain dan terkonfirmasi oleh bidang lain telah benar menerima dokumen ini','Optimizing (Adanya usaha optimasi sumberdaya & improvement)','Unit sudah menyusun MPI berdasarkan parameter kondisi kesehatan unit  dan telah dijadikan  sebagai pedoman pelaksanaan kajian internal proses bisnis enjiniring  dan bidamg lain setahun 1 kali terdokumen dengan baik dalam CMMS modul asset.','Excellence (Mencapai keunggulan optimasi sumberdaya & continuous improvement)','Unit sudah menyusun MPI berdasarkan parameter kondisi kesehatan unit  dan telah dijadikan  sebagai pedoman pelaksanaan kajian internal proses bisnis enjiniring dan bidang lain  setahun 2 kali dan terintegrasi dalam CMMS modul Asset'),(552,150,'I2.2.6','Design Review ','Assesment equipment yang betujuan untuk memastikan seluruh equipment telah sesuai dengan Standard Design Internasional (NFPA , ASME, dll)',0.05,'Fire Fighting (menunggu & memadamkan kebakaran)','Unit telah melakukan Asesmen equipment Area BTG dan membandingkannya dengan Standard Design Internasional','Stabilizing (Bertindak sebatas merespon kebakaran)','1. Unit telah melakukan Asesmen equipment Area CHF & Auxiallary dan membandingkannya dengan Standard Design Internasional\n2. Update Design review dilakukan 1 tahun sekali','Preventing (Ada usaha untuk melakukan pencegahan)','1. Unit telah melakukan Asesmen equipment menyeluruh dan membandingkannya dengan Standard Design Internasional \n2. Update Design Review dilakukan setiap 6 bulan sekali','Optimizing (Adanya usaha optimasi sumberdaya & improvement)','1. Unit telah melakukan Asesmen equipment menyeluruh dengan melibatkan bidang lain serta membandingkannya dengan Standard Design Internasional \n2. Membuat action plan atas gap yang ditemukan antara hasil asesmen dibandingkan Standard Design\n3. Update Design review dilakukan 3 Bulan sekali','Excellence (Mencapai keunggulan optimasi sumberdaya & continuous improvement)','1. Melakukan monitoring & evaluasi design review dan memastikan action plan atas Gap yang ditemukan telah selesai  tereksekusi atau masuk dalam program RJPU/RKAP\n2. Update Design review dilakukan 3 Bulan sekali\n'),(553,151,'I3.1.1','Catalogue','Sebuah informasi dari sebuah material atau barang yang menggambarkan  tentang spesifikasi dan klasifikasi material atau barang secara lengkap dalam bentuk format yang telah ditetapkan serta didokumentasikan yang dengan rapi dan teratur. \n\nReferensi : Katalog berbasiskan Auslang dan NATO\n\nKeterangan : \nKatalog berisikan data deskripsi minimal yang menjelaskan suatu produk sehingga diperoleh produk yang sesuai dengan kebutuhan.\n\nspesifikasi dan klasifikasi material atau barang secara lengkap harus terintegrasi dengan stream realibility (Design Procurement Document)',0.1,NULL,'Data base catalog ada terdokumentasi dan komputerized serta terintegrasi dalam SIT  (Ellipse/Maximo). namun belum mengikuti standarisasi penulisan\nDibuktikan dengan beberapa kondisi berikut:\n1. Data tarikan katalog dari SIT (Ellipse/Maximo)\n * Tarikan\n2. Data Katalog minimal terdiri dari Item Name dan dua deskripsi',NULL,'1. Katalog menjadi acuan untuk pemenuhan  terhadap kebutuhan dengan membandingkan jumlah barang stock dengan barang non stock. Pemenuhan terhadap kebutuhan ≤ 60%\n2. Standar penulisan spesifikasi belum lengkap  ≤ 80% dari total katalog\n * Tarikan\n3. Masih ada duplikasi dalam data katalog. Duplikasi ≤ 10% dari total katalog\n * Tarikan',NULL,'1. Katalog menjadi acuan untuk pemenuhan  terhadap kebutuhan dengan membandingkan jumlah barang stock dengan barang non stock. Pemenuhan terhadap kebutuhan ≤ 80%\n2. Standar penulisan spesifikasi belum lengkap ≤ 90 % dari total katalog\n * Tarikan\n3. Masih ada duplikasi dalam data katalog. Duplikasi ≤ 5% dari total katalog\n * Tarikan',NULL,'1. Katalog menjadi acuan untuk pemenuhan  terhadap kebutuhan dengan membandingkan jumlah barang stock dengan barang non stock. Pemenuhan terhadap kebutuhan ≤ 95%\n2. Standar penulisan spesifikasi belum lengkap. Standar Penulisan Spesifikasi  ≤100% dari total katalog\n * Tarikan\n3. Masih ada duplikasi dalam data katalog. Duplikasi 0% dari total katalog\n * Tarikan',NULL,'1. Database katalog dapat digunakan untuk pemenuhan  terhadap kebutuhan . Pemenuhan terhadap kebutuhan > 100%\n2. Standar penulisan spesifikasi lengkap 100% dari total katalog\n * Tarikan\n3. Tidak ada duplikasi dalam data katalog.\n4. Improvement dalam penyempurnaan katalog (baru/lama) yang didukung dengan referensi best practice'),(554,151,'I3.1.2','Manajemen Pengelolaan Usulan Pengadaan (RO) dan Service Level Material','Sistem pengelolaan usulan pengadaan barang atau jasa yang sistematis, terencana, informatif, dan lengkap sebagai dasar proses pengadaan dan mengukur tingkat ketersediaan material terhadap kebutuhan material\n\nReferensi : \n\nKeterangan :\nTOR/KAK harus lengkap dan terintegrasi dengan stream realibility (Design Procurement Document)\n',0.1,NULL,'1. Setiap permintaan pengadaan barang/jasa sudah dibuatkan Usulan Pengadaan/Recommended Order (RO) \n2. Masih ada RO yg dikembalikan karena spesifikasi atau TOR/KAK kurang lengkap. Usulan yg dikembalikan karena spesifikasi atau TOR/KAK kurang lengkap ≤ 10  %\n* Buku ekspedisi \n* Monitoring antarbidang\n* Notulen hasil Aanwijzing\n3. Laporan Bulanan (≥ 6 )dikirimkan paling lambat tanggal 10',NULL,'1. Setiap permintaan pengadaan barang/jasa sudah dibuatkan Usulan Pengadaan/Recommended Order (RO) . Dibuktikan dengan: \n* Rekap Usulan pengadaan \n* Monitoring\n2. Masih ada RO yg dikembalikan karena spesifikasi atau TOR/KAK kurang lengkap. Usulan yg dikembalikan karena spesifikasi atau TOR/KAK kurang lengkap ≤ 5 %, \n* Buku ekspedisi \n* Monitoring antarbidang\n* Notulen hasil Aanwijzing\n3. Laporan Bulanan  (≥ 6 )dikirimkan paling lambat tanggal 8',NULL,'Setiap permintaan pengadaan barang/jasa sudah dibuatkan Usulan Pengadaan/Recommended Order (RO). Dibuktikan dengan:\n1. Usulan Pengadaan  terintegrasi  dalam SIT (Ellipse, Maximo dan AMP)\n * Screenshot\n2. Monitoring computerized\n* Rekap Usulan pengadaan \n* Monitoring\n3. Masih ada RO yg dikembalikan karena spesifikasi atau TOR/KAK kurang lengkap. Usulan yg dikembalikan karena spesifikasi atau TOR/KAK kurang lengkap ≤ 2 %, \n* Buku ekspedisi \n* Monitoring antarbidang\n* Notulen hasil Aanwijzing\n4. Laporan Bulanan (≥ 6 )dikirimkan paling lambat tanggal 7',NULL,'Setiap permintaan pengadaan barang/jasa sudah dibuatkan Usulan Pengadaan/Recommended Order (RO). \nDibuktikan dengan:\n1. Tidak ada RO yg dikembalikan karena spesifikasi atau TOR/KAK kurang lengkap\n* Buku ekspedisi \n* Monitoring antarbidang\n* Notulen hasil Aanwijzing\n2. Monitoring terintegrasi dan online dalam SIT * Screenshot (Ellipse, Maximo dan AMP)\n3. Monitoring dapat dijadikan acuan untuk melakukan  pengendalian usulan pengadaan\n* Rekap Usulan pengadaan \n* Monitoring\n4. Laporan Bulanan  (≥ 6 )dikirimkan paling lambat tanggal 5',NULL,'1. Setiap permintaan pengadaan barang/jasa sudah dibuatkan Usulan Pengadaan/Recommended Order (RO) \n2. Tidak ada RO yg dikembalikan karena spesifikasi atau TOR/KAK kurang lengkap\n3. Monitoring terintegrasi dan online dalam SIT \n4.Monitoring dapat dijadikan acuan untuk melakukan  pengendalian usulan pengadaan'),(555,151,'I3.1.3','Implementasi Kebijakan Persediaan ','Implementasi atau penerapan terhadap suatu kebijakan perusahaan yang mengatur tentang pengelolaan material yang meliputi metode pengendalian persediaan dan metode pembelian, dengan mempertimbangkan criticality, avaibility dan usage value dari setiap item material.\n\nReferensi : \nASSET MANAGEMENT EXCELLENCE\nOptimizing Equipment Life-Cycle Decisions\nEdited by :\nJohn D. Campbell\nAndrew K. S. Jardine\nJoel McGlynn\n\nKeterangan : \nData Critical Part membutuhkan data inputan dari RAM Analisis, Aset Healtness, dan Reliability',0.1,NULL,'1. Buku Inventory Policy ',NULL,'1. Buku Inventory Policy yang berisi data :\n    - Akurasi setting ROP/ROQ  ≤ 85%\n    - ABC Analisis\n2. Implementasi terhadap rekomendasi  ≤85%\n3. Konsistensi terhadap Implementasi Inventory Policy  ≤85%\n4. Inventory policy dikirimkan ke kantor pusat pada bulan pertama setiap  semester via OA (Januari dan Juli)',NULL,'1. Buku Inventory Policy yang berisi data :\n    - Akurasi setting ROP/ROQ ≤ 95%\n    - ABC Analisis\n2. Implementasi terhadap rekomendasi ≤95%\n3. Konsistensi terhadap Implementasi Inventory Policy ≤ 95%\n4. Review terhadap implementasi setiap 6 bulan sekali\n* Laporan review',NULL,'1. Buku Inventory Policy yang berisi data :\n    - Akurasi setting ROP/ROQ ≤ 98%\n    - ABC Analisis\n2. Implementasi terhadap rekomendasi ≤ 98%\n3. Konsistensi terhadap Implementasi Inventory Policy ≤ 98% ',NULL,'1. Buku Inventory Policy yang berisi data :\n    - Akurasi setting ROP/ROQ 100%\n    - ABC Analisis\n2. Implementasi terhadap rekomendasi sudah 100%\n3. Konsistensi terhadap Implementasi Inventory Policy sudah 100%'),(556,151,'I3.1.4','Persediaan dan Perputaran Material  ','Deskripsi :                                                                  \nSuatu proses pengendalian terhadap persediaan gudang yang dilakukan secara periodik, terprogram , mencakup nilai, alokasi pemakaian dan rencana pemakaian, serta mengukur tingkat efektifitas dan akurasi perencanaan kebutuhan, persediaan dan pembelian terhadap realisasi pemakaian, serta pengendalian terhadap material deadstock (material yang tersimpan di gudang ≥ 2 tahun)\n\nReferensi : \nASSET MANAGEMENT EXCELLENCE\nOptimizing Equipment Life-Cycle Decisions\nEdited by :\nJohn D. Campbell\nAndrew K. S. Jardine\nJoel McGlynn\n\nKeterangan :\nMembutuhkan informasi data rencana pemakaian material deadstock dari area  WPC sub area Perencanaan Instruksi kerja ',0.1,NULL,'1. Kegiatan monitoring dan pengendalian persediaan gudang sudah dilaksanakan  untuk memenuhi permintaan insindentil\n* Monitoring peta persediaan\n2. Pencapaian  Nilai Inventory Akhir Tahun  ≤75% terhadap target\n* Laporan Bulanan \n3. Mengirimkan rencana bulanan, semester dan tahunan pencapaian nilai ITO minggu ke 4 bulan Januari',NULL,'1. Monitoring dan pengendalian persediaan gudang sudah ada namun masih belum menyeluruh\n * Monitoring peta persediaan\n2. Pencapaian  Nilai Inventory Akhir Tahun ≤85% terhadap target\n3. Mengirimkan rencana bulanan, semester dan tahunan pencapaian nilai ITO minggu ke 3 bulan Januari',NULL,'1. Monitoring dan pengendalian persediaan gudang sudah dilaksanakan secara rutin setiap 3 (tiga) bulan data terdokumen dan tersaji dengan baik, mudah diakses, lengkap dengan alokasi dan jadwal pemakaian, dikomunikasikan ke pihak terkait \n2. Pencapaian nilai Inventory Akhir Tahun ≤95% terhadap target\n3. Mengirimkan rencana bulanan, semester dan tahunan pencapaian nilai ITO minggu ke 2 bulan Januari',NULL,'1. Monitoring dan pengendalian persediaan gudang sudah dilaksanakan secara rutin setiap 1 (satu) bulan, data terdokumen dan tersaji dengan baik, mudah diakses, lengkap dengan alokasi dan jadwal pemakaian, ada analisa dan evaluasi, dikomunikasikan ke bidang terkait, ada action plant  terhadap hasil analisa dan eveluasi. \n2. Pencapaian Nilai Inventory Akhir Tahun  ≤100% terhadap target\n3. Mengirimkan rencana bulanan, semester dan tahunan pencapaian nilai ITO minggu ke 1 bulan Januari',NULL,'1. Monitoring dan pengendalian persediaan gudang sudah dilaksanakan secara rutin setiap 1 (satu) bulan, data terdokumen dan tersaji dengan baik, mudah diakses, lengkap dengan alokasi dan jadwal pemakaian, ada analisa dan evaluasi, dikomunikasikan ke bidang terkait, ada action plan dan tindak lanjut terhadap hasil analisa dan eveluasi, ada improvement\n* Peta rencana pemakaian material \n2. Pencapaian Nilai Inventory Akhir Tahun terhadap target\n3. Deviasi rencana dan realisasi pencapaian ITO bulanan ≤ 50%\n4. Mengirimkan evaluasi perencanaan nilai ITO bulanan apabila ada potensi tidak tercapainya target ITO tahunan (tanpa merubah nilai target tahunan)');
/*!40000 ALTER TABLE `ml_subarea` ENABLE KEYS */;
UNLOCK TABLES;

--
-- Table structure for table `testdetail`
--

DROP TABLE IF EXISTS `testdetail`;
/*!40101 SET @saved_cs_client     = @@character_set_client */;
/*!40101 SET character_set_client = utf8 */;
CREATE TABLE `testdetail` (
  `id` int(11) NOT NULL AUTO_INCREMENT,
  `header_id` int(11) NOT NULL,
  `detailcode` varchar(30) DEFAULT NULL,
  PRIMARY KEY (`id`)
) ENGINE=InnoDB AUTO_INCREMENT=5 DEFAULT CHARSET=utf8mb4;
/*!40101 SET character_set_client = @saved_cs_client */;

--
-- Dumping data for table `testdetail`
--

LOCK TABLES `testdetail` WRITE;
/*!40000 ALTER TABLE `testdetail` DISABLE KEYS */;
/*!40000 ALTER TABLE `testdetail` ENABLE KEYS */;
UNLOCK TABLES;

--
-- Table structure for table `testheader`
--

DROP TABLE IF EXISTS `testheader`;
/*!40101 SET @saved_cs_client     = @@character_set_client */;
/*!40101 SET character_set_client = utf8 */;
CREATE TABLE `testheader` (
  `id` int(11) NOT NULL AUTO_INCREMENT,
  `code` varchar(30) DEFAULT NULL,
  PRIMARY KEY (`id`)
) ENGINE=InnoDB AUTO_INCREMENT=3 DEFAULT CHARSET=utf8mb4;
/*!40101 SET character_set_client = @saved_cs_client */;

--
-- Dumping data for table `testheader`
--

LOCK TABLES `testheader` WRITE;
/*!40000 ALTER TABLE `testheader` DISABLE KEYS */;
/*!40000 ALTER TABLE `testheader` ENABLE KEYS */;
UNLOCK TABLES;

--
-- Table structure for table `upload_log`
--

DROP TABLE IF EXISTS `upload_log`;
/*!40101 SET @saved_cs_client     = @@character_set_client */;
/*!40101 SET character_set_client = utf8 */;
CREATE TABLE `upload_log` (
  `id` int(11) NOT NULL AUTO_INCREMENT,
  `upload_date` timestamp NOT NULL DEFAULT current_timestamp(),
  `user_id` int(11) DEFAULT NULL,
  `filename` varchar(100) DEFAULT NULL,
  `directory` varchar(100) DEFAULT NULL,
  `period` int(11) DEFAULT NULL,
  `department_id` int(11) DEFAULT NULL,
  `ml_subarea` varchar(30) DEFAULT NULL,
  `kpi_subarea` varchar(30) DEFAULT NULL,
  `level_id` int(11) DEFAULT NULL,
  `filepath` varchar(200) DEFAULT NULL,
  PRIMARY KEY (`id`)
) ENGINE=InnoDB DEFAULT CHARSET=utf8mb4;
/*!40101 SET character_set_client = @saved_cs_client */;

--
-- Dumping data for table `upload_log`
--

LOCK TABLES `upload_log` WRITE;
/*!40000 ALTER TABLE `upload_log` DISABLE KEYS */;
/*!40000 ALTER TABLE `upload_log` ENABLE KEYS */;
UNLOCK TABLES;

--
-- Table structure for table `users`
--

DROP TABLE IF EXISTS `users`;
/*!40101 SET @saved_cs_client     = @@character_set_client */;
/*!40101 SET character_set_client = utf8 */;
CREATE TABLE `users` (
  `id` int(11) NOT NULL AUTO_INCREMENT,
  `username` varchar(30) DEFAULT NULL,
  `password` varchar(30) DEFAULT NULL,
  `fullname` varchar(100) DEFAULT NULL,
  `department_id` int(11) DEFAULT NULL,
  PRIMARY KEY (`id`)
) ENGINE=InnoDB AUTO_INCREMENT=7 DEFAULT CHARSET=utf8mb4;
/*!40101 SET character_set_client = @saved_cs_client */;

--
-- Dumping data for table `users`
--

LOCK TABLES `users` WRITE;
/*!40000 ALTER TABLE `users` DISABLE KEYS */;
INSERT INTO `users` VALUES (1,'admin','admin','admin',0),(2,'fmanda','fmanda','Febrian Manda',14),(3,'arkan','arkan','Arkan',4),(6,'test','a','tes',1);
/*!40000 ALTER TABLE `users` ENABLE KEYS */;
UNLOCK TABLES;

--
-- Dumping routines for database 'demokpi'
--
/*!40103 SET TIME_ZONE=@OLD_TIME_ZONE */;

/*!40101 SET SQL_MODE=@OLD_SQL_MODE */;
/*!40014 SET FOREIGN_KEY_CHECKS=@OLD_FOREIGN_KEY_CHECKS */;
/*!40014 SET UNIQUE_CHECKS=@OLD_UNIQUE_CHECKS */;
/*!40101 SET CHARACTER_SET_CLIENT=@OLD_CHARACTER_SET_CLIENT */;
/*!40101 SET CHARACTER_SET_RESULTS=@OLD_CHARACTER_SET_RESULTS */;
/*!40101 SET COLLATION_CONNECTION=@OLD_COLLATION_CONNECTION */;
/*!40111 SET SQL_NOTES=@OLD_SQL_NOTES */;

-- Dump completed on 2020-08-19 18:41:01
