-- MySQL dump 10.13  Distrib 5.5.62, for Win64 (AMD64)
--
-- Host: localhost    Database: demokpi
-- ------------------------------------------------------
-- Server version	5.5.5-10.4.13-MariaDB

/*!40101 SET @OLD_CHARACTER_SET_CLIENT=@@CHARACTER_SET_CLIENT */;
/*!40101 SET @OLD_CHARACTER_SET_RESULTS=@@CHARACTER_SET_RESULTS */;
/*!40101 SET @OLD_COLLATION_CONNECTION=@@COLLATION_CONNECTION */;
/*!40101 SET NAMES utf8 */;
/*!40103 SET @OLD_TIME_ZONE=@@TIME_ZONE */;
/*!40103 SET TIME_ZONE='+00:00' */;
/*!40014 SET @OLD_UNIQUE_CHECKS=@@UNIQUE_CHECKS, UNIQUE_CHECKS=0 */;
/*!40014 SET @OLD_FOREIGN_KEY_CHECKS=@@FOREIGN_KEY_CHECKS, FOREIGN_KEY_CHECKS=0 */;
/*!40101 SET @OLD_SQL_MODE=@@SQL_MODE, SQL_MODE='NO_AUTO_VALUE_ON_ZERO' */;
/*!40111 SET @OLD_SQL_NOTES=@@SQL_NOTES, SQL_NOTES=0 */;

--
-- Table structure for table `department`
--

DROP TABLE IF EXISTS `department`;
/*!40101 SET @saved_cs_client     = @@character_set_client */;
/*!40101 SET character_set_client = utf8 */;
CREATE TABLE `department` (
  `id` int(11) NOT NULL AUTO_INCREMENT,
  `deptcode` varchar(30) DEFAULT NULL,
  `deptname` varchar(100) DEFAULT NULL,
  PRIMARY KEY (`id`)
) ENGINE=InnoDB AUTO_INCREMENT=16 DEFAULT CHARSET=utf8mb4;
/*!40101 SET character_set_client = @saved_cs_client */;

--
-- Dumping data for table `department`
--

LOCK TABLES `department` WRITE;
/*!40000 ALTER TABLE `department` DISABLE KEYS */;
INSERT INTO `department` VALUES (1,'I1','OUTAGE MANAGEMENT UP THERMAL DAN UBJOM'),(2,'I2','RELIABILITY  MANAGEMENT'),(3,'I3','SUPPLY  CHAIN MANAGEMENT'),(4,'I4','EFFICIENCY  MANAGEMENT'),(5,'I5','OPERATION  MANAGEMENT'),(6,'I6','WPC MANAGEMENT'),(7,'I7','MANAJEMEN LINGKUNGAN & 5S'),(8,'I8','PENGELOLAAN KEUANGAN'),(9,'I9','ENTERPRISE RISK MANAGEMENT'),(10,'I10','QUALITY ASSURANCE'),(11,'I17','PENGEMBANGAN MASYARAKAT'),(12,'I20','MANAJEMEN K3'),(13,'L1','HCR (HUMAN CAPITAL READINESS)'),(14,'L2','OCR (ORGANIZATIONAL CAPITAL READINESS)'),(15,'L3','INFORMATION CAPITAL READINESS (ICR)');
/*!40000 ALTER TABLE `department` ENABLE KEYS */;
UNLOCK TABLES;

--
-- Table structure for table `kpi_area`
--

DROP TABLE IF EXISTS `kpi_area`;
/*!40101 SET @saved_cs_client     = @@character_set_client */;
/*!40101 SET character_set_client = utf8 */;
CREATE TABLE `kpi_area` (
  `id` int(11) NOT NULL AUTO_INCREMENT,
  `kpi_department_id` int(11) NOT NULL,
  `areacode` varchar(30) DEFAULT NULL,
  `areaname` varchar(100) DEFAULT NULL,
  PRIMARY KEY (`id`)
) ENGINE=InnoDB AUTO_INCREMENT=14 DEFAULT CHARSET=utf8mb4;
/*!40101 SET character_set_client = @saved_cs_client */;

--
-- Dumping data for table `kpi_area`
--

LOCK TABLES `kpi_area` WRITE;
/*!40000 ALTER TABLE `kpi_area` DISABLE KEYS */;
INSERT INTO `kpi_area` VALUES (12,4,'L3','KPI ICR');
/*!40000 ALTER TABLE `kpi_area` ENABLE KEYS */;
UNLOCK TABLES;

--
-- Table structure for table `kpi_department`
--

DROP TABLE IF EXISTS `kpi_department`;
/*!40101 SET @saved_cs_client     = @@character_set_client */;
/*!40101 SET character_set_client = utf8 */;
CREATE TABLE `kpi_department` (
  `id` int(11) NOT NULL AUTO_INCREMENT,
  `period` int(11) DEFAULT NULL,
  `department_id` int(11) DEFAULT NULL,
  PRIMARY KEY (`id`)
) ENGINE=InnoDB AUTO_INCREMENT=7 DEFAULT CHARSET=utf8mb4;
/*!40101 SET character_set_client = @saved_cs_client */;

--
-- Dumping data for table `kpi_department`
--

LOCK TABLES `kpi_department` WRITE;
/*!40000 ALTER TABLE `kpi_department` DISABLE KEYS */;
INSERT INTO `kpi_department` VALUES (4,202002,15),(6,202002,1);
/*!40000 ALTER TABLE `kpi_department` ENABLE KEYS */;
UNLOCK TABLES;

--
-- Table structure for table `kpi_subarea`
--

DROP TABLE IF EXISTS `kpi_subarea`;
/*!40101 SET @saved_cs_client     = @@character_set_client */;
/*!40101 SET character_set_client = utf8 */;
CREATE TABLE `kpi_subarea` (
  `id` int(11) NOT NULL AUTO_INCREMENT,
  `kpi_area_id` int(11) NOT NULL,
  `subcode` varchar(30) DEFAULT NULL,
  `subname` varchar(100) DEFAULT NULL,
  `subdesc` text DEFAULT NULL,
  `weight` float DEFAULT NULL,
  `level_1` text DEFAULT NULL,
  `leveldetail_1` text DEFAULT NULL,
  `level_2` text DEFAULT NULL,
  `leveldetail_2` text DEFAULT NULL,
  `level_3` text DEFAULT NULL,
  `leveldetail_3` text DEFAULT NULL,
  `level_4` text DEFAULT NULL,
  `leveldetail_4` text DEFAULT NULL,
  `level_5` text DEFAULT NULL,
  `leveldetail_5` text DEFAULT NULL,
  PRIMARY KEY (`id`)
) ENGINE=InnoDB AUTO_INCREMENT=31 DEFAULT CHARSET=utf8mb4;
/*!40101 SET character_set_client = @saved_cs_client */;

--
-- Dumping data for table `kpi_subarea`
--

LOCK TABLES `kpi_subarea` WRITE;
/*!40000 ALTER TABLE `kpi_subarea` DISABLE KEYS */;
/*!40000 ALTER TABLE `kpi_subarea` ENABLE KEYS */;
UNLOCK TABLES;

--
-- Table structure for table `ml_area`
--

DROP TABLE IF EXISTS `ml_area`;
/*!40101 SET @saved_cs_client     = @@character_set_client */;
/*!40101 SET character_set_client = utf8 */;
CREATE TABLE `ml_area` (
  `id` int(11) NOT NULL AUTO_INCREMENT,
  `kpi_department_id` int(11) NOT NULL,
  `areacode` varchar(30) DEFAULT NULL,
  `areaname` varchar(100) DEFAULT NULL,
  PRIMARY KEY (`id`)
) ENGINE=InnoDB AUTO_INCREMENT=82 DEFAULT CHARSET=utf8mb4;
/*!40101 SET character_set_client = @saved_cs_client */;

--
-- Dumping data for table `ml_area`
--

LOCK TABLES `ml_area` WRITE;
/*!40000 ALTER TABLE `ml_area` DISABLE KEYS */;
INSERT INTO `ml_area` VALUES (20,4,'L3','ML ICR'),(72,6,'I1.1','Outage Long Term Planning'),(73,6,'I1.2','R1 (18 Month Planning) '),(74,6,'I1.3','R2 (12 Month Planning)  Pre Outage Management'),(75,6,'I1.4','R3 (6 Month Planning)  Pre Outage Management'),(76,6,'I1.5','P1 (3 Month Planning)  Pre Outage Management'),(77,6,'I1.6','P2 (1 Month Planning)  Pre Outage Management'),(78,6,'I1.7','P3 (1 Week Planning) Pre Outage Management'),(79,6,'I1.8','Eksekusi Pekerjaan OH  (Execution Outage)'),(80,6,'I1.9','WO Feed Back'),(81,6,'I1.10','Pasca Pekerjaan OH (Post Outage)');
/*!40000 ALTER TABLE `ml_area` ENABLE KEYS */;
UNLOCK TABLES;

--
-- Table structure for table `ml_subarea`
--

DROP TABLE IF EXISTS `ml_subarea`;
/*!40101 SET @saved_cs_client     = @@character_set_client */;
/*!40101 SET character_set_client = utf8 */;
CREATE TABLE `ml_subarea` (
  `id` int(11) NOT NULL AUTO_INCREMENT,
  `ml_area_id` int(11) NOT NULL,
  `subcode` varchar(30) DEFAULT NULL,
  `subname` varchar(100) DEFAULT NULL,
  `subdesc` text DEFAULT NULL,
  `weight` float DEFAULT NULL,
  `level_1` text DEFAULT NULL,
  `leveldetail_1` text DEFAULT NULL,
  `level_2` text DEFAULT NULL,
  `leveldetail_2` text DEFAULT NULL,
  `level_3` text DEFAULT NULL,
  `leveldetail_3` text DEFAULT NULL,
  `level_4` text DEFAULT NULL,
  `leveldetail_4` text DEFAULT NULL,
  `level_5` text DEFAULT NULL,
  `leveldetail_5` text DEFAULT NULL,
  PRIMARY KEY (`id`)
) ENGINE=InnoDB AUTO_INCREMENT=262 DEFAULT CHARSET=utf8mb4;
/*!40101 SET character_set_client = @saved_cs_client */;

--
-- Dumping data for table `ml_subarea`
--

LOCK TABLES `ml_subarea` WRITE;
/*!40000 ALTER TABLE `ml_subarea` DISABLE KEYS */;
INSERT INTO `ml_subarea` VALUES (190,20,'L3.1','Jenis Kabel/media  untuk user/client','Deskripsi :\nKesesuaian media yang digunakan  untuk menghubungkan koneksi antar gedung maupun yang digunakan oleh user berdasarkan standar jarak dan peruntukan penggunaan di dalam jaringan lokal untuk mendukung penggunaan SIT\n\nMaksud : \nMedia transmisi bersama dengan topologi menentukan kecepatan, efisiensi saluran, tipe data yang boleh disalurkan dan juga aplikasi yang dapat didukung oleh jaringan.\n\nEvident :\n1. Foto Kabel UTP \n2. Optical Termination Box FO(OTB) \n3. Foto Access Point\n4. Foto Wall Mount Rack \n5. Foto SMB\n6. Foto Patch Panel',0.06,'Fire Fighting (menunggu & memadamkan kebakaran)','Koneksi secara keseluruhan hanya menggunakan kabel UTP.\nDibuktikan dengan kondisi:\nKabel UTP  dan SMB (min. 1 Titik)','Stabilizing (Bertindak sebatas merespon kebakaran)','Koneksi sudah mengunakan campuran media, namun kesesuaian peruntukan masih < 60%. Dibuktikan dengan kondisi:\nAkses point (min. 1 titik)','Excellence (Mencapai keunggulan optimasi sumberdaya & continuous improvement)','Koneksi sudah mengunakan campuran media, namun kesesuaian peruntukan masih < 80%. Dibuktikan dengan kondisi:\nTermination box FO (OTB).','Optimizing (Adanya usaha optimasi sumberdaya & improvement)','Koneksi sudah mengunakan campuran media, kesesuaian peruntukan sudah 100%, namun interkoneksi belum terintegrasi/terpusat. Dibuktikan dengan kondisi:\nWallmount rack (min. 1 titik) ','Excellence (Mencapai keunggulan optimasi sumberdaya & continuous improvement)','Koneksi sudah mengunakan campuran media, kesesuaian peruntukan sudah 100%, namun interkoneksi belum terintegrasi/terpusat. Dibuktikan dengan kondisi:\nWallmount rack (min. 1 titik) '),(191,20,'L3.2','Cakupan & Topologi LAN','Deskripsi :\nSeberapa lengkap informasi topologi LAN\n\nMaksud : \nUntuk mempercepat proses troubleshooting, pengembangan LAN dan transfer knowledge.\n\nEvident :\n1. Denah Cakupan LAN\n2. Diagram topologi LAN, diagram line dari koneksi utama dilengkapi dengan informasi lokasi perangkat,hostname & IP Address',0.06,'Fire Fighting (menunggu & memadamkan kebakaran)','tidak memiliki dokumen formal cakupan & diagram topologi LAN.','Stabilizing (Bertindak sebatas merespon kebakaran)','memiliki dokumen formal cakupan & diagram topologi LAN namun hanya menunjukan diagram line dari koneksi utama. ','Excellence (Mencapai keunggulan optimasi sumberdaya & continuous improvement)','memiliki dokumen formal cakupan & diagram topologi LAN, diagram line dari koneksi utama dan dilengkapi dengan informasi lokasi perangkat.','Optimizing (Adanya usaha optimasi sumberdaya & improvement)','memiliki dokumen formal cakupan & diagram topologi LAN, diagram line dari koneksi utama dilengkapi dengan informasi lokasi perangkat dan informasi lain yang berhubungan dengan protokol jaringan (misalnya IP Address dan/atau  MAC Address perangkat).','Excellence (Mencapai keunggulan optimasi sumberdaya & continuous improvement)','memiliki dokumen formal cakupan & diagram topologi LAN yang terintegrasi dengan data manajemen PC sehingga mempermudah troubleshooting. '),(192,20,'L3.3','Informasi PC User dan Server','Deskripsi :\nSeberapa lengkap informasi mengenai PC user\n\nMaksud : \nUntuk mempercepat proses troubleshooting & informasi aset IT\n\nEvident :\n1. Kelengkapan Informasi PC User meliputi : nama PC,lokasi,IP dan Mac Address,Nomor Port SMB dan Nomor Switch.\n\nKelengkapan Informasi Server meliputi : Alamat Url Aplikasi, lokasi, IP dan MAC Address, Nomor Port SMB dan Nomor Switch\n\n2. Foto labeling SMB (3 titik)\n3. Foto labeling Switch (3 titik)\n\n\n',0.06,'Fire Fighting (menunggu & memadamkan kebakaran)','tidak memiliki Informasi atau informasi tidak lengkap, mengenai PC user dan Server.','Stabilizing (Bertindak sebatas merespon kebakaran)','Memiliki Informasi PC User dan Server yang tercatat manual.','Excellence (Mencapai keunggulan optimasi sumberdaya & continuous improvement)','Informasi PC User dan Server tercatat pada database namun tidak terupdate. ','Optimizing (Adanya usaha optimasi sumberdaya & improvement)','Informasi PC User dan Server tercatat pada database dan update.','Excellence (Mencapai keunggulan optimasi sumberdaya & continuous improvement)','Informasi PC User dan Server tercatat pada database ,update dan dapat diakses secara online (URL,Login & Password) Central Manage'),(193,20,'L3.4','Rack System','Deskripsi :\nSeberapa banyak server dan network hardware dimasukkan ke dalam rack system\n\nMaksud : \nUntuk memenuhi strandard datacenter,kemudahan koneksi,kerapihan & efisiensi tempat\n\nEvident :\nFoto seluruh Rak didalam ruang Server (2 Foto)\n',0.06,'Fire Fighting (menunggu & memadamkan kebakaran)','tidak memiliki rack system','Stabilizing (Bertindak sebatas merespon kebakaran)','memiliki rack system tapi belum mencakup seluruh server dan network hardware (cakupan 30%).','Excellence (Mencapai keunggulan optimasi sumberdaya & continuous improvement)','memiliki rack system tapi belum mencakup seluruh server dan network hardware (cakupan 60%).','Optimizing (Adanya usaha optimasi sumberdaya & improvement)','memiliki rack system tapi belum mencakup seluruh server dan network hardware (cakupan 90%).','Excellence (Mencapai keunggulan optimasi sumberdaya & continuous improvement)','memiliki rack system yang standar untuk seluruh server dan network hardware.'),(194,20,'L3.5','UPS','Deskripsi :\nSentralisasi dan Runtime\n\nMaksud : \nUntuk menjaga keamanan data & hardware dari gangguan power supply\n\nEvident :\n1. Foto UPS\n2. Dokumen kapasitas dan Runtime UPS\n3. Dokumen Pemeliharaan UPS dan Testing UPS\n\n\n',0.06,'Fire Fighting (menunggu & memadamkan kebakaran)','memiliki UPS tapi belum tersentralisasi dengan runtime kurang dari 15 menit.','Stabilizing (Bertindak sebatas merespon kebakaran)','memiliki UPS tapi belum tersentralisasi dengan runtime kurang dari 45 menit.','Excellence (Mencapai keunggulan optimasi sumberdaya & continuous improvement)','memiliki UPS tapi belum tersentralisasi dengan runtime kurang dari 60 menit.','Optimizing (Adanya usaha optimasi sumberdaya & improvement)','memiliki UPS tersentralisasi dengan runtime minimal 60 menit dan memiliki dokumen testing UPS.','Excellence (Mencapai keunggulan optimasi sumberdaya & continuous improvement)','Level 4 terpenuhi dan memiliki dokumen pemeliharaan UPS.'),(195,20,'L3.6','Cooling System',NULL,0.06,'Fire Fighting (menunggu & memadamkan kebakaran)',' memiliki pendingin hanya berupa fan pada rak server. ','Stabilizing (Bertindak sebatas merespon kebakaran)','memiliki sistem pendingin berupa AC yang belum dipantau sesuai dengan standar ruang server.','Excellence (Mencapai keunggulan optimasi sumberdaya & continuous improvement)','\"memiliki sistem pendingin berupa AC yang sudah dipantau sesuai dengan standar ruang server. Dibuktikan dengan kondisi:\n1. AC\n2. Dokumen pemantauan temperatur dan kelembaban ruang server selama 1 semester\"','Optimizing (Adanya usaha optimasi sumberdaya & improvement)','memiliki sistem pendingin berupa precision cooling system yang sudah dipantau (dibuktikan dengan dokumen pengukuran selama 1 semester) sesuai dengan standar ruang server.','Excellence (Mencapai keunggulan optimasi sumberdaya & continuous improvement)','memiliki Precision Cooling System yang standar dan sesuai kebutuhan data center serta memiliki dokumen pemeliharaan precision cooling system. '),(196,20,'L3.7','Access Control','\"Deskripsi :\nPemenuhan standard access control, pemantauan dan dokumentasinya\n\nMaksud : \nMeningkatkan keamanan fisik ruang server \n\nEvident :\n1. Foto perangkat access control, atau kunci (1 Foto)\n2. Dokumen pemantauan aktivitas keluar masuk ruang server\"\n\n\n',0.06,'Fire Fighting (menunggu & memadamkan kebakaran)','tidak memiliki access control, aktivitas keluar masuk ruang server tidak dicatat.','Stabilizing (Bertindak sebatas merespon kebakaran)','tidak memiliki access control, aktivitas keluar masuk ruang server dicatat manual','Excellence (Mencapai keunggulan optimasi sumberdaya & continuous improvement)','memiliki access control sederhana (kunci ruangan misalnya) namun belum dapat dipantau dan terdokumentasi aktivitas keluar masuk ruang server.','Optimizing (Adanya usaha optimasi sumberdaya & improvement)','memiliki access control sederhana (kunci ruangan misalnya) yang dapat dipantau dan terdokumentasi aktivitas keluar masuk ruang server. Dibuktikan dengan kondisi:\n1. Access control sederhana\n2. Dokumen aktifitas keluar masuk ruang server','Excellence (Mencapai keunggulan optimasi sumberdaya & continuous improvement)','\"memiliki access control modern (access card misalnya) yang dapat terpantau dan terdokumentasi aktivitas keluar masuk ruang server. Dibuktikan dengan:\n1. Access control modern                                      \n2. Dokumen aktifitas keluar masuk ruang server'),(197,20,'L3.8','Pemadam Kebakaran',NULL,0.06,'Fire Fighting (menunggu & memadamkan kebakaran)',NULL,'Stabilizing (Bertindak sebatas merespon kebakaran)',NULL,'Excellence (Mencapai keunggulan optimasi sumberdaya & continuous improvement)',NULL,'Optimizing (Adanya usaha optimasi sumberdaya & improvement)',NULL,'Excellence (Mencapai keunggulan optimasi sumberdaya & continuous improvement)',NULL),(198,20,'L3.9','Security Monitoring',NULL,0.06,'Fire Fighting (menunggu & memadamkan kebakaran)',NULL,'Stabilizing (Bertindak sebatas merespon kebakaran)',NULL,'Excellence (Mencapai keunggulan optimasi sumberdaya & continuous improvement)',NULL,'Optimizing (Adanya usaha optimasi sumberdaya & improvement)',NULL,'Excellence (Mencapai keunggulan optimasi sumberdaya & continuous improvement)',NULL),(199,20,'L3.10','Raised Floor dan cable management',NULL,0.06,'Fire Fighting (menunggu & memadamkan kebakaran)',NULL,'Stabilizing (Bertindak sebatas merespon kebakaran)',NULL,'Excellence (Mencapai keunggulan optimasi sumberdaya & continuous improvement)',NULL,'Optimizing (Adanya usaha optimasi sumberdaya & improvement)',NULL,'Excellence (Mencapai keunggulan optimasi sumberdaya & continuous improvement)',NULL),(200,20,'L3.11','Authentikasi User',NULL,0.06,'Fire Fighting (menunggu & memadamkan kebakaran)',NULL,'Stabilizing (Bertindak sebatas merespon kebakaran)',NULL,'Excellence (Mencapai keunggulan optimasi sumberdaya & continuous improvement)',NULL,'Optimizing (Adanya usaha optimasi sumberdaya & improvement)',NULL,'Excellence (Mencapai keunggulan optimasi sumberdaya & continuous improvement)',NULL),(201,20,'L3.12','Pengamanan Akses Wifi',NULL,0.06,'Fire Fighting (menunggu & memadamkan kebakaran)',NULL,'Stabilizing (Bertindak sebatas merespon kebakaran)',NULL,'Excellence (Mencapai keunggulan optimasi sumberdaya & continuous improvement)',NULL,'Optimizing (Adanya usaha optimasi sumberdaya & improvement)',NULL,'Excellence (Mencapai keunggulan optimasi sumberdaya & continuous improvement)',NULL),(202,20,'L3.13','Server Antivirus, Firewall dan IPS',NULL,0.06,'Fire Fighting (menunggu & memadamkan kebakaran)',NULL,'Stabilizing (Bertindak sebatas merespon kebakaran)',NULL,'Excellence (Mencapai keunggulan optimasi sumberdaya & continuous improvement)',NULL,'Optimizing (Adanya usaha optimasi sumberdaya & improvement)',NULL,'Excellence (Mencapai keunggulan optimasi sumberdaya & continuous improvement)',NULL),(203,20,'L3.14','Tools Monitoring ',NULL,0.06,'Fire Fighting (menunggu & memadamkan kebakaran)',NULL,'Stabilizing (Bertindak sebatas merespon kebakaran)',NULL,'Excellence (Mencapai keunggulan optimasi sumberdaya & continuous improvement)',NULL,'Optimizing (Adanya usaha optimasi sumberdaya & improvement)',NULL,'Excellence (Mencapai keunggulan optimasi sumberdaya & continuous improvement)',NULL),(204,20,'L3.15','Tools TroubleShooting',NULL,0.06,'Fire Fighting (menunggu & memadamkan kebakaran)',NULL,'Stabilizing (Bertindak sebatas merespon kebakaran)',NULL,'Excellence (Mencapai keunggulan optimasi sumberdaya & continuous improvement)',NULL,'Optimizing (Adanya usaha optimasi sumberdaya & improvement)',NULL,'Excellence (Mencapai keunggulan optimasi sumberdaya & continuous improvement)',NULL),(205,20,'L3.16','Ketersediaan LAN dalam satu semester',NULL,0.06,'Fire Fighting (menunggu & memadamkan kebakaran)',NULL,'Stabilizing (Bertindak sebatas merespon kebakaran)',NULL,'Excellence (Mencapai keunggulan optimasi sumberdaya & continuous improvement)',NULL,'Optimizing (Adanya usaha optimasi sumberdaya & improvement)',NULL,'Excellence (Mencapai keunggulan optimasi sumberdaya & continuous improvement)',NULL),(206,20,'L3.17','Training dan SK Key User',NULL,0.06,'Fire Fighting (menunggu & memadamkan kebakaran)',NULL,'Stabilizing (Bertindak sebatas merespon kebakaran)',NULL,'Excellence (Mencapai keunggulan optimasi sumberdaya & continuous improvement)',NULL,'Optimizing (Adanya usaha optimasi sumberdaya & improvement)',NULL,'Excellence (Mencapai keunggulan optimasi sumberdaya & continuous improvement)',NULL),(240,72,'I1.1.1','Rencana dan Jadwal Planed Outage Jangka Panjang','Terdapat rencana dan jadwal Planed Outage beserta type Outage dalam Jangka Panjang, berdasarkan estimasi Jam Operasi (OH/EOH) atau waktu.\nRencana Jangka Panjang Outage telah mempertimbangkan major modification/replace/repair/upgrade peralatan dan telah diselaraskan dengan Rencana Jangka Panjang Unit.\n\n\n',0.17,'Fire Fighting (melakukan tindakan setelah ada kejadian)','Belum ada Rencana Jangka Panjang Outage dan jadwal (tahunan).','Stabilizing (Bertindak sebatas merespon kejadian)','Rencana jangka Panjang sudah dibuat (jadwal dan type OH) mengacu pada estimasi jam (ekivalen) operasi atau waktu, atau pertimbangan strategis lainnya. Belum ada identifikasi major project yang dikaitkan dengan rencana OH.','Preventing (Ada usaha untuk melakukan pencegahan)\n','Rencana jangka Panjang sudah dibuat (jadwal dan type OH) mengacu pada estimasi jam (ekivalen) operasi atau waktu, atau pertimbangan strategis lainnya. Telah ada identifikasi major project yang dikaitkan dengan rencana OH. Belum ada keselarasan dengan RJPU unit yang terupdate.\n','Optimizing (Adanya usaha optimasi sumberdaya & improvement)','Rencana jangka Panjang sudah dibuat (jadwal dan type OH) mengacu pada estimasi jam (ekivalen) operasi atau waktu, atau pertimbangan strategis lainnya, dan diupdate tiap tahun.\nMajor project yang memiliki keterkaitan dengan OH telah diidentifikasi, dan telah diselaraskan dengan RJPU terupdate.','Excellence (Mencapai keunggulan optimasi sumberdaya & continuous improvement)','\"Rencana jangka Panjang sudah dibuat (jadwal dan type OH) mengacu pada estimasi jam (ekivalen) operasi atau waktu, atau pertimbangan strategis lainnya, dan diupdate tiap tahun.\nMajor project yang memiliki keterkaitan dengan OH telah diidentifikasi, dan telah diselaraskan dengan RJPU terupdate.\nKonsisten selama 3 tahun dan Database telah ada pada SIT, updated.\"'),(241,73,'I1.2.1','Identifikasi Jadual & Scope pekerjaan, dan Major Project.','Identifikasi jadual, scope of work, dan Major Project sebagai scope tambahan\nNote : \nPerubahan Standard Job OH maka harus melalui proses reliability management dan telah disepakati bidang OME di Meeting R1.\n\nNote : Sudah Terintegrasi dengan Reliability Mgt',0.07,NULL,'PJB , UBJOM JAWA\nJadual dan scope OH sudah dibuat. Major project telah diidentifikasi dan sudah   ditindaklanjuti  <35%. \nBelum dilakukan review Standard Job.\nStandar job <35% sudah diterbitkan. \nUBJOM LUAR JAWA\nDokumen Jadual dan scope OH,  dalam bentuk manual.\nMajor project telah diidentifikasi dan sudah   ditindaklanjuti  <35%.',NULL,'PJB , UBJOM JAWA & UBJOM LUAR JAWA\nJadual dan scope OH sudah dibuat. Major project telah diidentifikasi dan sudah   ditindaklanjuti  35%≤x<60%.\nTelah dilakukan review dan update Standard Job.\nstandar job (termasuk updating) 35%≤x<60% sudah diterbitkan\nData base masih dalam aplikasi manual',NULL,'PJB , UBJOM JAWA & UBJOM LUAR JAWA\nJadual dan scope OH sudah dibuat.\nMajor project telah diidentifikasi dan sudah   ditindaklanjuti  60%≤x<80%.\nTelah dilakukan review dan update Standard Job.\nstandar job  (termasuk updating) 60%≤x<80% sudah diterbitkan\nData base masih dalam aplikasi manual updated',NULL,'PJB , UBJOM JAWA & UBJOM LUAR JAWA\nJadual dan scope OH sudah dibuat\nTelah dilakukan review dan update Standard Job.\nMajor project telah diidentifikasi dan sudah   ditindaklanjuti  80%≤x<100%.\nstandar job (termasuk updating) 80%≤x<100% sudah diterbitkan\nData base sudah ada di SIT 80%≤x<100%\n',NULL,'PJB , UBJOM JAWA & UBJOM LUAR JAWA\nJadual dan scope OH sudah dibuat\nMajor project telah diidentifikasi dan sudah   ditindaklanjuti 100%.\nTelah dilakukan review dan update Standard Job.\nStandard Job (termasuk updating) 100% sudah diterbitkan\nData base sudah ada di SIT 100% \n'),(242,73,'I1.2.2','Identifikasi Kebutuhan Material / Sparepart. ','Identifikasi kebutuhan sparepart utama/ spesifik dengan delivery time 12 s.d 18 bulan  serta penerbitan Issue Requisition / Recommended Order sebagaI dasar proses pengadaan.',0.07,NULL,'PJB , UBJOM JAWA\nSpare part utama/ spesifik dengan delivery 12 s.d 18 Bulan sudah di identifikasi <35%  IR/ RO/PR belum diterbitkan. \nUBJOM LUAR JAWA\nSpare part utama/ spesifik dengan delivery 12 s.d 18 Bulan sudah dibuat dalam bentuk manual',NULL,'PJB , UBJOM JAWA & UBJOM LUAR JAWA\nSpare part utama/ spesifik dengan delivery 12 s.d 18 Bulan 35%≤x<60%  sudah di  identifikasi & IR/ RO sudah diterbitkan 35%≤x<60%dengan spesifikasi lengkap. Data base masih dalam aplikasi manual. ',NULL,'PJB , UBJOM JAWA & UBJOM LUAR JAWA\nSpare part utama/ spesifik dengan delivery 12 s.d 18 Bulan 60%≤x<80%  sudah di identifikasi & IR/ RO sudah diterbitkan dengan spesifikasi lengkap.Data base masih dalam aplikasi manual updated. ',NULL,'PJB , UBJOM JAWA & UBJOM LUAR JAWA\nSpare part utama/ spesifik dengan delivery 12 s.d 18 Bulan  80%≤x<100% sudah di identifikasi & IR/ RO sudah diterbitkan dengan spesifikasi lengkap.Data base sudah ada di web MO  80%≤x<100%updated.\n',NULL,'PJB , UBJOM JAWA & UBJOM LUAR JAWA\nSpare part utama/ spesifik 100% dengan delivery 12 s.d 18 Bulan sudah di identifikasi & IR/ RO sudah diterbitkan dengan spesifikasi lengkap.Data base sudah ada di web MO 100% updated dan terintegrasi '),(243,73,'I1.2.3','Efektivitas Pertemuan/ Koordinasi Antar Bidang/ Subdit. ','Efektifitas dari pertemuan/ koordinasi kegiatan outage management terkait dengan materi yang dibahas dan fungsi/ bidang  yang terlibat. \n1, Materi yang dibahas meliputi:\nRencana Tindak Lanjut.\nJadual & Scope OH.\nInformasi dari Bidang terkait\nTerintegrasi dengan WPC Mgt, terkait resourse mgt (Tools & Sdm).\n2. Peserta yang diundang  dari  Eksekutor :\nM. Project/  K. PLTA/ M. Tek/ M Renbintek , Spv./Koord. Mesin, Listrik, Kontrol,  Enjinering, Rendal  Har & Staf. Teknisi.\n3. Peserta yang diundang  dari  Pemberi Kerja :\nM. Har/ M. Eng,  Staff, Spvs  MO & Staf, Spvs Rendal Har & Staf, Spvs Mesin, Listrik, Kontrol, Spvs Rendal Ops, Spvs Produksi. \n4. Jumlah Peserta yang hadir\n',0.07,NULL,'PJB , UBJOM JAWA\nPertemuan kegiatan R1 dilaksanakan dalam range waktu lebih dari 21 hari dari tanggal yang ditetapkan\nUBJOM LUAR JAWA\nMeeting R1 dilaksanakan',NULL,'PJB , UBJOM JAWA\nPertemuan kegiatan R1 dilaksanakan dengan peserta 35%≤x<60%undangan (perfungsi). Materi yang dibahas 35%≤x<60%%. Pertemuan kegiatan R1 dilaksanakan dalam range waktu 15≤x<21 hari dari tanggal yang ditetapkan.  Data base masih dalam aplikasi manual \nUBJOM LUAR JAWA\nMeeting R1 dilaksanakan dengan peserta 35%≤x<60% hadir',NULL,'PJB, UBJOM JAWA & UBJOM LUAR JAWA\nPertemuan kegiatan R1 dilaksanakan dengan peserta  60%≤x<80% undangan (perfungsi).Materi yang dibahas  60%≤x<80%. Pertemuan kegiatan R1 dilaksanakan dalam range waktu 7≤x<15 hari dari tanggal yang ditetapkan. Data base masih dalam aplikasi manual',NULL,'PJB, UBJOM JAWA & UBJOM LUAR JAWA\nPertemuan kegiatan R1 dilaksanakan dengan peserta 80%≤x<100 undangan perfungsi dan salah satu manajer. Materi yang dibahas 80%≤x<100. Pertemuan kegiatan R1 dilaksanakan dalam range waktu 1≤x<7 hari dari tanggal yang ditetapkan Data base sudah ada di SIT 80%≤x<100 updated. ',NULL,'PJB, UBJOM JAWA & UBJOM LUAR JAWA\nPertemuan kegiatan R1 dilaksanakan dengan peserta 100% undangan perfungsi dan kedua manajer (pemberi kerja & eksekutor). Materi yang dibahas 100%. Pertemuan kegiatan R1 dilaksanakan sesuai tanggal yang ditetapkan. Data base sudah ada di SIT 100% updated dan terintegrasi. '),(244,74,'I1.3.1','Review Progress Meeting R1 &Hasil OH Yang Telah Dilaksanakan','Review tindak lanjut meeting R1, hasil evaluasi, rekomendasi & rencana tindak lanjut OH yang sudah dilaksanakan sebaga input planning. \n(Note : tindak lanjut = sudah ada rencana penetapan action plan, target dan PIC oleh Planner Outage) \nUp-date : Data terkini/terbaru setelah dilakukan Review oleh Planner.\nTerintegrasi : data dapat dishare oleh Bidang lain yang terkait, database ada di WEB Outage & QPR (ter up-date).\n',NULL,NULL,'PJB , UBJOM JAWA \nReview progress meeting R1 sudah dilakukan tindak lanjut untuk planning OH berikutnya.tanpa melibatkan bidang lain \nUBJOM LUAR JAWA\nMeeting R2 dilaksanakan',NULL,'PJB , UBJOM JAWA \nReview progress meeting R1 sudah ada,  rekomendasi tindak lanjut, program , target dan PIC sudah ditetapkan, namun belum dilakukan prioritisasi, database masih manual  \nUBJOM LUAR JAWA\nReview progress meeting R1 sudah ada rekomendasi tindak lanjut, program',NULL,'PJB , UBJOM JAWA & UBJOM LUAR JAWA\nReview progress meeting R1 sudah dilakukan, dievaluasi melalui forum yang melibatkan bidang terkait (OME) dan sudah dilakukan kajian enjinering , belum ditetapkan prioritisasi program, Database sudah di upload di WEB Outage  50%≤x<75% (ter Update)',NULL,'PJB , UBJOM JAWA & UBJOM LUAR JAWA\nReview progress meeting R1 sudah dilakukan dan dievaluasi melalui forum yang melibatkan bidang terkait (OME) , sudah ditetapkan prioritisasi program., database sudah di upload WEB Outage  75%≤x<100% (ter Update) ',NULL,'PJB , UBJOM JAWA & UBJOM LUAR JAWA\nReview progress meeting R1 Rencana tindak lanjut rekomendasi sudah dilakukan dan dievaluasi melalui forum yang melibatkan bidang terkait (OME) , sudah ditetapkan prioritisasi program, database sudah di upload di WEB Outage 100% (ter Update) '),(245,74,'I1.3.2','Identifikasi Jadual & Scope pekerjaan, Performance Unit, Rekomendasi pemeliharaan RutinPM,CM,PdM dan','Identifikasi jadual, scope of work, baik yang standar maupun tambahan. \nNote : \nPerubahan Standard Job OH maka harus melalui proses reliability management dan telah disepakati bidang OME di Meeting R2.\n\nIdentifikasi performance unit (PKU, Hasil Assesment  peralatan, Daya mampu netto, efisiensi, jam operasi unit). \nNote : Sudah Terintegrasi dengan Reliability Mgt\n\nRekomendasi hasil dari pemeliharaan tactical dan  non tactical. \nNote : \nTactical/terencana (PM, PdM, FDT Realibilty Management), Non Tactical/tidak terencana (CR, EM)\n',NULL,NULL,'PJB , UBJOM JAWA\nJadual dan scope OH sudah dibuat. Potret kondisi operasi unit & rekomendasi hasil pemeliharaan rutin (tactical dan non tactical) sudah   ditindaklanjuti  <35%. Telah dilakukan review dan update Standard Job.\nStandar job <35% sudah diterbitkan. \nUBJOM LUAR JAWA\nDokumen Jadual dan scoupe OH, Potret Kondisi Unit dan dokumen Rekomendasi Pemeliharaan sudah dibuat dalam bentuk manual',NULL,'PJB , UBJOM JAWA & UBJOM LUAR JAWA\nJadual dan scope OH sudah dibuat.\nTelah dilakukan review dan update Standard Job.\nstandar job 35%≤x<60% sudah diterbitkan\nSudah memiliki data potret kondisi operasi unit dan rekomendasi hasil pemeliharaan rutin (tactical dan non tactical) 35%≤x<60% sudah ditindak lanjuti\nData base masih dalam aplikasi manual',NULL,'PJB , UBJOM JAWA & UBJOM LUAR JAWA\nJadual dan scope OH sudah dibuat.\nTelah dilakukan review dan update Standard Job.\nstandar job   60%≤x<80% sudah diterbitkan\nSudah memiliki data potret kondisi operasi unit dan rekomendasi hasil pemeliharaan rutin (tactical dan non tactical)  60%≤x<80% sudah ditindaklanjuti\nData base masih dalam aplikasi manual updated',NULL,'PJB , UBJOM JAWA & UBJOM LUAR JAWA\nJadual dan scope OH sudah dibuat\nTelah dilakukan review dan update Standard Job.\nstandar job 80%≤x<100% sudah diterbitkan\ndan Sudah memiliki data potret kondisi operasi unit dan rekomendasi hasil pemeliharaan rutin (tactical dan non tactical)  (80%≤x<100%) sudah ditindaklanjuti.\nData base sudah ada di SIT 80%≤x<100%\n',NULL,'PJB , UBJOM JAWA & UBJOM LUAR JAWA\nJadual dan scope OH sudah dibuat\nTelah dilakukan review dan update Standard Job.\nStandard Job 100% sudah diterbitkan\nSudah memiliki data potret kondisi operasi unit, ditindaklanjuti dengan scope tambahan dan Data base sudah ada di Web MO dan QPR 100% updated dan terintegrasi.\nRekomendasihasil pemeliharaan rutin (tactical dan non tactical)  100%-sudah ditindaklanjuti.\nData base sudah ada di SIT 100% \n'),(246,74,'I1.3.3','Identifikasi Kebutuhan Material / Sparepart. ','Identifikasi kebutuhan sparepart utama/ spesifik dengan  delivery time 6 s.d 12 bulan serta penerbitan Issue Requisition / Recommended Order sebagaI dasar proses pengadaan.\n',NULL,NULL,'PJB , UBJOM JAWA\nSpare part utama/ spesifik dengan  delivery time 6 s.d 12 bulan sudah di identifikasi <35%,  IR/ RO/PR belum diterbitkan. \nUBJOM LUAR JAWA\nSpare part utama/ spesifik dengan  delivery time 6 s.d 12 bulan sudah dibuat (manual)',NULL,'PJB , UBJOM JAWA & UBJOM LUAR JAWA\nSpare part utama/ spesifik dengan  delivery time 6 s.d 12 bulan 35%≤x<60%  sudah di  identifikasi, IR/ RO sudah diterbitkan 35%≤x<60%dengan spesifikasi lengkap. Data base masih dalam aplikasi manual. ',NULL,'PJB , UBJOM JAWA & UBJOM LUAR JAWA\nSpare part utama/ spesifik dengan  delivery time 6 s.d 12 bulan 60%≤x<80%  sudah di identifikasi & IR/ RO sudah diterbitkan dengan spesifikasi lengkap.Data base masih dalam aplikasi manual updated. ',NULL,'PJB , UBJOM JAWA & UBJOM LUAR JAWA\nSpare part utama/ spesifik dengan  delivery time 6 s.d 12 bulan 80%≤x<100% sudah di identifikasi & IR/ RO sudah diterbitkan dengan spesifikasi lengkap.Data base sudah ada di web MO  80%≤x<100%updated.\n',NULL,'PJB , UBJOM JAWA & UBJOM LUAR JAWA\nSpare part utama/ spesifik dengan  delivery time 6 s.d 12 bulan 100% sudah di identifikasi & IR/ RO sudah diterbitkan dengan spesifikasi lengkap.Data base sudah ada di web MO 100% updated dan terintegrasi '),(247,74,'I1.3.4','Monitoring & Pengendalian Kegiatan Hasil R1. ','Pengamatan terhadap konsistensi pertemuan /koordinasi dan proses kegiatan sesuai target yang ditetapkan antara lain: \nMonitoring proses pengadaan mulai dari TOR IR/PR/RO, HPS, PO, Levering. (Ellipse/ Maximo), rentang waktu  R1 s.d R2\nMaterial spesifik yang terkontrak.\n',NULL,NULL,'PJB , UBJOM JAWA & UBJOM LUAR JAWA\nKegiatan monitoring dan pengendalian progres planning OH dilakukan sebanyak 2 kali dalam rentang  waktu R1 s.d R2',NULL,'PJB , UBJOM JAWA & UBJOM LUAR JAWA\nKegiatan monitoring dan pengendalian progres planning OH dilakukan sebanyak 3 kali dalam rentang  waktu R1 s.d R2\nData base masih dalam aplikasi manual.',NULL,'PJB , UBJOM JAWA & UBJOM LUAR JAWA\nKegiatan monitoring dan pengendalian progres planning OH dilakukan sebanyak  4 kali. dalam rentang  waktu R1 s.d R2\nData base masih dalam aplikasi manual updated.',NULL,'PJB , UBJOM JAWA & UBJOM LUAR JAWA\nKegiatan monitoring dan pengendalian progres planning OH dilakukan sebanyak 5 kali dalam rentang  waktu R1 s.d R2. Data base sudah ada di Web MO <100%updated.',NULL,'PJB , UBJOM JAWA & UBJOM LUAR JAWA\nKegiatan monitoring dan pengendalian progres planning OH dilakukan sebanyak 6 kali dalam rentang  waktu R1 s.d R2.Data base sudah ada di SIT 100% updated dan terintegrasi.'),(248,74,'I1.3.5','Efektivitas Pertemuan/ Koordinasi Antar Bidang/ Subdit. ','Efektifitas dari pertemuan/ koordinasi kegiatan outage management terkait dengan materi yang dibahas dan fungsi/ bidang  yang terlibat. \n1, Materi yang dibahas meliputi:\nRencana Tindak Lanjut.\nJadual & Scope OH.\nInformasi dari Bidang terkait\nTerintegrasi dengan WPC Mgt, terkait resourse mgt (Tools & Sdm).\n2. Peserta yang diundang  dari  Eksekutor :\nM. Project/  K. PLTA/ M. Tek/ M Renbintek , Spv./Koord. Mesin, Listrik, Kontrol,  Enjinering, Rendal  Har & Staf. Teknisi.\n3. Peserta yang diundang  dari  Pemberi Kerja :\nM. Har/ M. Eng,  Staff, Spvs  MO & Staf, Spvs Rendal Har & Staf, Spvs Mesin, Listrik, Kontrol, Spvs Rendal Ops, Spvs Produksi. \n4. Jumlah Peserta yang hadir\n',NULL,NULL,'PJB & UBJOM JAWA\nPertemuan kegiatan R1 dilaksanakan dalam range waktu lebih dari 21 hari dari tanggal yang ditetapkan\nUBJOM LUAR JAWA\nMeeting R2 dilaksanakan',NULL,'PJB & UBJOM JAWA\nPertemuan kegiatan R2 dilaksanakan dengan peserta 35%≤x<60%undangan (perfungsi). Materi yang dibahas 35%≤x<60%%. Pertemuan kegiatan R2 dilaksanakan dalam range waktu 15≤x<21 hari dari tanggal yang ditetapkan.  Data base masih dalam aplikasi manual \nUBJOM LUAR JAWA\nMeeting R2 dilaksanakan dengan peserta 35%≤x<60% undangan (perfungsi)',NULL,'PJB , UBJOM JAWA & UBJOM LUAR JAWA\nPertemuan kegiatan R2 dilaksanakan dengan peserta  60%≤x<80% undangan (perfungsi).Materi yang dibahas  60%≤x<80%. Pertemuan kegiatan R2 dilaksanakan dalam range waktu 7≤x<15 hari dari tanggal yang ditetapkan. Data base masih dalam aplikasi manual',NULL,'PJB , UBJOM JAWA & UBJOM LUAR JAWA\nPertemuan kegiatan R2 dilaksanakan dengan peserta 80%≤x<100 undangan perfungsi dan salah satu manajer. Materi yang dibahas 80%≤x<100. Pertemuan kegiatan R2 dilaksanakan dalam range waktu 1≤x<7 hari dari tanggal yang ditetapkan Data base sudah ada di SIT 80%≤x<100 updated. ',NULL,'PJB , UBJOM JAWA & UBJOM LUAR JAWA\nPertemuan kegiatan R2 dilaksanakan dengan peserta 100% undangan perfungsi dan kedua manajer (pemberi kerja & eksekutor). Materi yang dibahas 100%. Pertemuan kegiatan R2 dilaksanakan sesuai tanggal yang ditetapkan. Data base sudah ada di SIT 100% updated dan terintegrasi. '),(249,75,'I1.4.1','Review Progress Meeting R2 &Hasil OH Yang Telah Dilaksanakan ','Review tindak lanjut meeting R2, hasil evaluasi, rekomendasi & rencana tindak lanjut OH yang sudah dilaksanakan sebaga input planning. \n(Note : tindak lanjut = sudah ada rencana penetapan action plan, target dan PIC oleh Planner Outage) \nUp-date : Data terkini/terbaru setelah dilakukan Review oleh Planner.\nTerintegrasi : data dapat dishare oleh Bidang lain yang terkait, database ada di WEB Outage & QPR (ter up-date).\n',NULL,NULL,'PJB , UBJOM JAWA \nReview progress meeting R2 sudah dilakukan tindak lanjut untuk planning OH berikutnya.tanpa melibatkan bidang lain\nUBJOM LUAR JAWA\nMeeting R3 dilaksanakan ',NULL,'PJB , UBJOM JAWA \nReview progress meeting R2 sudah ada,  rekomendasi tindak lanjut, program , target dan PIC sudah ditetapkan, namun belum dilakukan prioritisasi, database masih manual  \nUBJOM LUAR JAWA\nReview progress meeting R2 sudah ada rekomendasi tindak lanjut, program',NULL,'PJB , UBJOM JAWA & UBJOM LUAR JAWA\nReview progress meeting R2 sudah dilakukan, dievaluasi melalui forum yang melibatkan bidang terkait (OME) dan sudah dilakukan kajian enjinering , belum ditetapkan prioritisasi program, Database sudah di upload di WEB Outage  50%≤x<75% (ter Update)',NULL,'PJB , UBJOM JAWA & UBJOM LUAR JAWA\nReview progress meeting R2 sudah dilakukan dan dievaluasi melalui forum yang melibatkan bidang terkait (OME) , sudah ditetapkan prioritisasi program., database sudah di upload WEB Outage  75%≤x<100% (ter Update) ',NULL,'PJB , UBJOM JAWA & UBJOM LUAR JAWA\nReview progress meeting R2 Rencana tindak lanjut rekomendasi sudah dilakukan dan dievaluasi melalui forum yang melibatkan bidang terkait (OME) , sudah ditetapkan prioritisasi program, database sudah di upload di WEB Outage 100% (ter Update) '),(250,75,'I1.4.2','Identifikasi Jadual & Scope pekerjaan, Performance Unit, Rekomendasi pemeliharaan RutinPM,CM,PdM dan','Identifikasi jadual, scope of work, baik yang standar maupun tambahan. Dan sudah diterbitkan WO OH Standart & tambahan serta PIC. \nNote : \nPerubahan Standard Job OH maka harus melalui proses reliability management dan telah disepakati bidang OME di Meeting R3.\nWO standart sesuai skope OH  dan WO Tambahan sesuai dengan kesepakatan\nIdentifikasi performance unit (PKU, Hasil Assesment  peralatan, Daya mampu netto, efisiensi, jam operasi unit). \nNote : Sudah Terintegrasi dengan Reliability Mgt\nRekomendasi hasil dari pemeliharaan tactical dan  non tactical. \nNote : \nTactical/terencana (PM, PdM, FDT Realibilty Management), Non Tactical/tidak terencana (CR, EM)\n',NULL,NULL,'PJB , UBJOM JAWA\nJadual dan scope OH belum dibuat, potret kondisi operasi unit & Rekomendasi hasil pemeliharaan rutin (tactical dan non tactical) sudah   ditindaklanjuti  <35% , Telah dilakukan review dan update Standard Job.\nWO OH <35% sudah diterbitkan. \nUBJOM LUAR JAWA\nDokumen Jadual dan scoupe OH, Potret Kondisi Unit dan dokumen Rekomendasi Pemeliharaan dalam bentuk manual',NULL,'PJB , UBJOM JAWA & UBJOM LUAR JAWA\nJadual dan scope OH sudah dibuat, Telah dilakukan review dan update Standard Job, WO OH 35%≤x<60% sudah diterbitkan.\nSudah memiliki data potret kondisi operasi unit dan Rekomendasi hasil pemeliharaan rutin (tactical dan non tactical) 35%≤x<60% sudah ditindak lanjuti.\nData base masih dalam aplikasi manual.',NULL,'PJB , UBJOM JAWA & UBJOM LUAR JAWA\nJadual dan scope OH sudah dibuat, Telah dilakukan review dan update Standard Job, WO OH 60%≤x<80% sudah diterbitkan.\nSudah memiliki data potret kondisi operasi unit dan Rekomendasi hasil pemeliharaan rutin (tactical dan non tactical)  60%≤x<80% sudah ditindaklanjuti.\nData base masih dalam aplikasi manual updated.\n',NULL,'PJB , UBJOM JAWA & UBJOM LUAR JAWA\nJadual dan scope OH sudah dibuat, Telah dilakukan review dan update Standard Job, WO OH 80%≤x<100  sudah diterbitkan. updated.\nSudah memiliki data potret kondisi operasi unit, ditindaklanjuti menjadi scope tambahan.\nRekomendasihasil pemeliharaan rutin (tactical dan non tactical)  80%≤x<100 -sudah ditindaklanjuti.\nData base sudah ada di SIT, 80%≤x<100 \n',NULL,'PJB , UBJOM JAWA & UBJOM LUAR JAWA\nJadual dan scope OH sudah dibuat, Telah dilakukan review dan update Standard Job, WO OH 100% sudah diterbitkan.Data base sudah ada di Web MO dan QPR  100% updated dan terintegrasi.\nSudah memiliki data potret kondisi operasi unit, ditindaklanjuti dengan scope tambahan dan Data base sudah ada di Web MO dan QPR 100% updated dan terintegrasi.\nRekomendasihasil pemeliharaan rutin (tactical dan non tactical)  100%-sudah ditindaklanjuti.\nData base sudah ada di SIT 100% '),(251,75,'I1.4.3','Identifikasi Kebutuhan Material / Sparepart. ','Identifikasi kebutuhan sparepart spesifik sesuai delivery time serta penerbitan Issue Requisition / Recommended Order sebagaI dasar proses pengadaan.\n',NULL,NULL,'PJB , UBJOM JAWA\nSpare part utama/ spesifik dengan  delivery time 3s.d 6 bulan sudah di identifikasi <35%,  IR/ RO/PR belum diterbitkan. \nUBJOM LUAR JAWA\nSpare part utama/ spesifik dengan  delivery time 3s.d 6 bulan sudah dibuat (manual)',NULL,'PJB , UBJOM JAWA & UBJOM LUAR JAWA\nSpare part utama/ spesifik dengan  delivery time 3 s.d 6 bulan 35%≤x<60%  sudah di  identifikasi, IR/ RO sudah diterbitkan 35%≤x<60%dengan spesifikasi lengkap. Data base masih dalam aplikasi manual. ',NULL,'PJB , UBJOM JAWA & UBJOM LUAR JAWA\nSpare part utama/ spesifik dengan  delivery time 3 s.d 6 bulan 60%≤x<80%  sudah di identifikasi & IR/ RO sudah diterbitkan dengan spesifikasi lengkap. Data base masih dalam aplikasi manual updated. ',NULL,'PJB , UBJOM JAWA & UBJOM LUAR JAWA\nSpare part utama/ spesifik dengan  delivery time 3 s.d 6 bulan 80%≤x<100% sudah di identifikasi & IR/ RO sudah diterbitkan dengan spesifikasi lengkap.Data base sudah ada di web MO  80%≤x<100%updated.\n',NULL,'PJB , UBJOM JAWA & UBJOM LUAR JAWA\nSpare part utama/ spesifik dengan  delivery time 3 s.d 6 bulan 100% sudah di identifikasi & IR/ RO sudah diterbitkan dengan spesifikasi lengkap.Data base sudah ada di web MO 100% updated dan terintegrasi '),(252,75,'I1.4.4','Monitoring & Pengendalian Kegiatan Hasil . ','Pengamatan terhadap konsistensi pertemuan /koordinasi dan proses kegiatan sesuai target yang ditetapkan antara lain: \nMonitoring proses pengadaan mulai dari TOR IR/PR/RO, HPS, PO, Levering. (Ellipse/ Maximo), rentang waktu  R2 s.d R3\nMaterial spesifik yang terkontrak.\n',NULL,NULL,'PJB , UBJOM JAWA & UBJOM LUAR JAWA\nKegiatan monitoring dan pengendalian progres planning OH dilakukan sebanyak 2 kali dalam rentang  waktu R1 s.d R2',NULL,'PJB , UBJOM JAWA & UBJOM LUAR JAWA\nKegiatan monitoring dan pengendalian progres planning OH dilakukan sebanyak 3 kali dalam rentang  waktu R2 s.d R3\nData base masih dalam aplikasi manual.',NULL,'PJB , UBJOM JAWA & UBJOM LUAR JAWA\nKegiatan monitoring dan pengendalian progres planning OH dilakukan sebanyak 4 kali. dalam rentang  waktu R2 s.d R3\nData base masih dalam aplikasi manual updated.',NULL,'PJB , UBJOM JAWA & UBJOM LUAR JAWA\nKegiatan monitoring dan pengendalian progres planning OH dilakukan sebanyak 5 kali dalam rentang  waktu R2 s.d R3. Data base sudah ada di Web MO <100%updated.',NULL,'PJB , UBJOM JAWA & UBJOM LUAR JAWA\nKegiatan monitoring dan pengendalian progres planning OH dilakukan sebanyak 6 kali dalam rentang  waktu R2 s.d R3.Data base sudah ada di SIT 100% updated dan terintegrasi.\n'),(253,75,'I1.4.5','Efektivitas Pertemuan/ Koordinasi Antar Bidang/ Subdit. ','Efektifitas dari pertemuan/ koordinasi kegiatan outage management terkait dengan materi yang dibahas dan fungsi/ bidang  yang terlibat. \n1, Materi yang dibahas meliputi:\nRencana Tindak Lanjut.\nJadual & Scope OH.\nInformasi dari Bidang terkait\nTerintegrasi dengan WPC Mgt, terkait resourse mgt (Tools & Sdm).\n2. Peserta yang diundang  dari  Eksekutor :\nM. Project/  K. PLTA/ M. Tek/ M Renbintek , Spv./Koord. Mesin, Listrik, Kontrol,  Enjinering, Rendal  Har & Staf. Teknisi.\n3. Peserta yang diundang  dari  Pemberi Kerja :\nM. Har/ M. Eng,  Staff, Spvs  MO & Staf, Spvs Rendal Har & Staf, Spvs Mesin, Listrik, Kontrol, Spvs Rendal Ops, Spvs Produksi. \n4. Jumlah Peserta yang hadir\n\n\n',NULL,NULL,'PJB & UBJOM JAWA\nPertemuan kegiatan R3 dilaksanakan dalam range waktu lebih dari 21 hari dari tanggal yang ditetapkan\n UBJOM LUAR JAWA\nPertemuan kegiatan R3 dilaksanakan',NULL,'PJB , UBJOM JAWA\nPertemuan kegiatan R3 dilaksanakan dengan peserta 35%≤x<60%undangan (perfungsi). Materi yang dibahas 35%≤x<60%%. Pertemuan kegiatan R3 dilaksanakan dalam range waktu 15≤x<21 hari dari tanggal yang ditetapkan.  Data base masih dalam aplikasi manual \nUBJOM LUAR JAWA\nPertemuan kegiatan R3 dilaksanakan dengan peserta 35%≤x<60%undangan (perfungsi',NULL,'PJB , UBJOM JAWA & UBJOM LUAR JAWA\nPertemuan kegiatan R3 dilaksanakan dengan peserta  60%≤x<80% undangan (perfungsi).Materi yang dibahas  60%≤x<80%. Pertemuan kegiatan R3 dilaksanakan dalam range waktu 7≤x<15 hari dari tanggal yang ditetapkan. Data base masih dalam aplikasi manual',NULL,'PJB , UBJOM JAWA & UBJOM LUAR JAWA\nPertemuan kegiatan R3 dilaksanakan dengan peserta 80%≤x<100 undangan perfungsi dan salah satu manajer. Materi yang dibahas 80%≤x<100. Pertemuan kegiatan R3 dilaksanakan dalam range waktu 1≤x<7 hari dari tanggal yang ditetapkan Data base sudah ada di SIT 80%≤x<100 updated. ',NULL,'PJB , UBJOM JAWA & UBJOM LUAR JAWA\nPertemuan kegiatan R3 dilaksanakan dengan peserta 100% undangan perfungsi dan kedua manajer (pemberi kerja & eksekutor). Materi yang dibahas 100%. Pertemuan kegiatan R3 dilaksanakan sesuai tanggal yang ditetapkan. Data base sudah ada di SIT 100% updated dan terintegrasi. \n'),(254,76,'I1.5.1','Review Progress Meeting R3 & Hasil OH Yang Telah Dilaksanakan ','Review tindak lanjut meeting  R3, hasil evaluasi, rekomendasi & rencana tindak lanjut OH yang sudah dilaksanakan sebaga input planning. \n(Note : tindak lanjut = sudah ada rencana penetapan action plan, target dan PIC oleh Planner Outage) \nUp-date : Data terkini/terbaru setelah dilakukan Review oleh Planner.\nTerintegrasi : data dapat dishare oleh Bidang lain yang terkait, database ada di WEB Outage & QPR (ter up-date).\n',NULL,NULL,'PJB , UBJOM JAWA \nReview progress meeting R3 sudah dilakukan tindak lanjut untuk planning OH berikutnya.tanpa melibatkan bidang lain \nUBJOM LUAR JAWA\nMeeting P1 dilaksanakan',NULL,'PJB , UBJOM JAWA \nReview progress meeting R3 sudah ada,  rekomendasi tindak lanjut, program , target dan PIC sudah ditetapkan, namun belum dilakukan prioritisasi, database masih manual  \nUBJOM LUAR JAWA\nReview progress meeting R2 sudah ada rekomendasi tindak lanjut, program',NULL,'PJB , UBJOM JAWA & UBJOM LUAR JAWA\nReview progress meeting R3 sudah dilakukan, dievaluasi melalui forum yang melibatkan bidang terkait (OME) dan sudah dilakukan kajian enjinering , belum ditetapkan prioritisasi program, Database sudah di upload di WEB Outage  50%≤x<75% (ter Update)',NULL,'PJB , UBJOM JAWA & UBJOM LUAR JAWA\nReview progress meeting R3 sudah dilakukan dan dievaluasi melalui forum yang melibatkan bidang terkait (OME) , sudah ditetapkan prioritisasi program., database sudah di upload WEB Outage  75%≤x<100% (ter Update) ',NULL,'PJB , UBJOM JAWA & UBJOM LUAR JAWA\nReview progress meeting R3 Rencana tindak lanjut rekomendasi sudah dilakukan dan dievaluasi melalui forum yang melibatkan bidang terkait (OME) , sudah ditetapkan prioritisasi program, database sudah di upload di WEB Outage 100% (ter Update) '),(255,76,'I1.5.2','Identifikasi Jadual & Scope pekerjaan, Performance Unit, Rekomendasi pemeliharaan RutinPM,CM,PdM dan','Identifikasi jadual, scope of work, baik yang standar maupun tambahan. Dan sudah diterbitkan WO OH Standart & tambahan serta PIC. \nNote : \nWO standart sesuai skope OH  dan WO Tambahan sesuai dengan kesepakatan\nIdentifikasi performance unit (PKU, Hasil Assesment  peralatan, Daya mampu netto, efisiensi, jam operasi unit). \nNote : Sudah Terintegrasi dengan Reliability Mgt\nRekomendasi hasil dari pemeliharaan tactical dan  non tactical. \nNote : \nTactical/terencana (PM, PdM, FDT Realibilty Management), Non Tactical/tidak terencana (CR, EM)\n',NULL,NULL,'PJB , UBJOM JAWA\nJadual dan scope OH belum dibuat, potret kondisi operasi unit & Rekomendasi hasil pemeliharaan rutin (tactical dan non tactical) sudah   ditindaklanjuti  <35% , WO OH <35% sudah diterbitkan.  \nUBJOM LUAR JAWA\nDokumen Jadual dan scoupe OH, Potret Kondisi Unit dan dokumen Rekomendasi Pemeliharaan dalam bentuk manual',NULL,'PJB , UBJOM JAWA & UBJOM LUAR JAWA\nJadual dan scope OH sudah dibuat, WO OH 35%≤x<60% sudah diterbitkan.\nSudah memiliki data potret kondisi operasi unit dan Rekomendasi hasil pemeliharaan rutin (tactical dan non tactical) 35%≤x<60% sudah ditindak lanjuti.\nData base masih dalam aplikasi manual.',NULL,'PJB , UBJOM JAWA & UBJOM LUAR JAWA\nJadual dan scope OH sudah dibuat, WO OH 60%≤x<80% sudah diterbitkan.\nSudah memiliki data potret kondisi operasi unit dan Rekomendasi hasil pemeliharaan rutin (tactical dan non tactical)  60%≤x<80% sudah ditindaklanjuti.\nData base masih dalam aplikasi manual updated.',NULL,'PJB , UBJOM JAWA & UBJOM LUAR JAWA\nJadual dan scope OH sudah dibuat, WO OH 80%≤x<100  sudah diterbitkan. updated.\nSudah memiliki data potret kondisi operasi unit, ditindaklanjuti menjadi scope tambahan.\nRekomendasihasil pemeliharaan rutin (tactical dan non tactical)  80%≤x<100 -sudah ditindaklanjuti.\nData base sudah ada di SIT, 80%≤x<100 \n',NULL,'PJB , UBJOM JAWA & UBJOM LUAR JAWA\nJadual dan scope OH sudah dibuat, WO OH 100% sudah diterbitkan.Data base sudah ada di Web MO dan QPR  100% updated dan terintegrasi.\nSudah memiliki data potret kondisi operasi unit, ditindaklanjuti dengan scope tambahan dan Data base sudah ada di Web MO dan QPR 100% updated dan terintegrasi.\nRekomendasihasil pemeliharaan rutin (tactical dan non tactical)  100%-sudah ditindaklanjuti.\nData base sudah ada di SIT 100% '),(256,76,'I1.5.3','Kesiapan Spare-part Spesifik & Material Umum. ','Kesiapan Sparepart Spesifik & Material Umum. sesuai delivery time serta penerbitan Issue Requisition / Recommended Order sebagaI dasar proses pengadaan.\n',NULL,NULL,'PJB , UBJOM JAWA\nSpare part utama/ spesifik dan umum di identifikasi <35% sudah di identifikasi dan IR/ RO<35%  diterbitkan.\nUBJOM LUAR JAWA\nSpare part utama/ spesifik dan umum di identifikasi\n',NULL,'PJB , UBJOM JAWA & UBJOM LUAR JAWA\nSpare part utama/ spesifik dan umum 35%≤x<60%  sudah di  identifikasi &  35%≤x<60% IR/ RO sudah diterbitkan dengan spesifikasi lengkap. \n',NULL,'PJB , UBJOM JAWA & UBJOM LUAR JAWA\nSpare part utama/ spesifik dan umum 60%≤x<80% sudah di identifikasi &60%≤x<80%   IR/ RO sudah diterbitkan dengan spesifikasi lengkap.Data base masih dalam aplikasi manual updated.',NULL,'PJB , UBJOM JAWA & UBJOM LUAR JAWA\nSpare part utama/ spesifik dan umum 80%≤x<100% sudah di identifikasi &80%≤x<100% IR/ RO sudah diterbitkan dengan spesifikasi lengkap.\nData base sudah ada di web MO 75% updated.',NULL,'PJB , UBJOM JAWA & UBJOM LUAR JAWA\nSpare part utama/ spesifik dan umum100% sudah di identifikasi & IR/ RO sudah diterbitkan dengan spesifikasi lengkap.Data base sudah ada di web MO 100% updated dan terintegrasi'),(257,76,'I1.5.4','Monitoring & Pengendalian Kegiatan Hasil  R3 ','Pengamatan terhadap konsistensi pertemuan /koordinasi dan proses kegiatan sesuai target yang ditetapkan antara lain: \nMonitoring proses pengadaan mulai dari TOR IR/PR/RO, HPS, PO, Levering. (Ellipse/ Maximo), rentang waktu  R3 s.d P1\nMaterial spesifik dan umum yang terkontrak.\n',NULL,NULL,'PJB , UBJOM JAWA & UBJOM LUAR JAWA\nKegiatan monitoring dan pengendalian progres planning OH dilakukan sebanyak 2 kali dalam rentang  waktu R3 s.d P1\nData base masih dalam aplikasi manual.',NULL,'PJB , UBJOM JAWA & UBJOM LUAR JAWA\nKegiatan monitoring dan pengendalian progres planning OH dilakukan sebanyak 3 kali dalam rentang  waktu R3 s.d P1\nData base masih dalam aplikasi manual.\n',NULL,'PJB , UBJOM JAWA & UBJOM LUAR JAWA\nKegiatan monitoring dan pengendalian progres planning OH dilakukan sebanyak 4 kali. dalam rentang  waktu R3 s.d P1\nData base masih dalam aplikasi manual updated.\n',NULL,'PJB , UBJOM JAWA & UBJOM LUAR JAWA\nKegiatan monitoring dan pengendalian progres planning OH dilakukan sebanyak 5 kali dalam rentang  waktu R3 s.d P1 Data base sudah ada di Web MO <100%updated.\n',NULL,'PJB , UBJOM JAWA & UBJOM LUAR JAWA\nKegiatan monitoring dan pengendalian progres planning OH dilakukan sebanyak 6 kali dalam rentang  waktu R3 s.d P1.Data base sudah ada di SIT 100% updated dan terintegrasi.\n'),(258,76,'I1.5.5','Perencanaan Critical Task','Identifikasi critical task yang berpengaruh pada pada jalannya keseluruhan OH. Pada pembuatan jadwal OH maupun kurva s harus memaskukkan semua scope OH baik itu standard scope ataupun add scope. Dari jadwal tersebut, diidentifikasi juga jadwal pelaksanaan critical tasknya (baik itu standar scope atau add scope)  mulai P1 s.d P3',NULL,NULL,'\'WBS sudah ada, tetapi belum ada identifikasi critical path',NULL,'\' critical path sudah teridentifikasi, tetapi belum ada identifikasi critical task atau critical task yang diidentifikasi masih untuk standard job',NULL,'\' critical path sudah teridentifikasi, tetapi belum ada identifikasi critical task atau critical task yang diidentifikasi masih untuk standard job dan scope tambahan',NULL,'\'Critical task telah diidentifikasi dan merupakan bagian dari critical path dan resource untuk critical task sudah teridentifikasi (FTK, material, tools)',NULL,'\'Critical task telah diidentifikasi dan merupakan bagian dari critical path dan resource untuk critical task sudah teridentifikasi (FTK, material, tools) sudah diupload pada SIT dan sudah konsisten dilakukan selama 3 tahun'),(259,76,'I1.5.6','Efektivitas Pertemuan/ Koordinasi Antar Bidang/ Subdit. ','Efektifitas dari pertemuan/ koordinasi kegiatan outage management terkait dengan materi yang dibahas dan fungsi/ bidang  yang terlibat. \n1, Materi yang dibahas meliputi:\nRencana Tindak Lanjut.\nJadual & Scope OH.\nInformasi dari Bidang terkait\nTerintegrasi dengan WPC Mgt, terkait resourse mgt (Tools & Sdm).\n2. Peserta yang diundang  dari  Eksekutor :\nM. Project/  K. PLTA/ M. Tek/ M Renbintek , Spv./Koord. Mesin, Listrik, Kontrol,  Enjinering, Rendal  Har & Staf. Teknisi.\n3. Peserta yang diundang  dari  Pemberi Kerja :\nM. Har/ M. Eng,  Staff, Spvs  MO & Staf, Spvs Rendal Har & Staf, Spvs Mesin, Listrik, Kontrol, Spvs Rendal Ops, Spvs Produksi. \n4. Jumlah Peserta yang hadir\n\n\n',NULL,NULL,'PJB , UBJOM JAWA\nPertemuan kegiatan P1 dilaksanakan dalam range waktu lebih dari 21 hari dari tanggal yang ditetapkan\nUBJOM LUAR JAWA\nPertemuan kegiatan P1 dilaksanaka',NULL,'PJB , UBJOM JAWA & UBJOM LUAR JAWA\nPertemuan kegiatan P1 dilaksanakan dengan peserta 35%≤x<60%undangan (perfungsi). Materi yang dibahas 35%≤x<60%%. Pertemuan kegiatan P1 dilaksanakan dalam range waktu ≥ 15 hari dari tanggal yang ditetapkan.  Data base masih dalam aplikasi manual \n',NULL,'PJB , UBJOM JAWA & UBJOM LUAR JAWA\nPertemuan kegiatan P1 dilaksanakan dengan peserta  60%≤x<80% undangan (perfungsi).Materi yang dibahas  60%≤x<80%. Pertemuan kegiatan P1 dilaksanakan dalam range waktu 7≤x<15 hari dari tanggal yang ditetapkan. Data base masih dalam aplikasi manual\n',NULL,'PJB , UBJOM JAWA & UBJOM LUAR JAWA\nPertemuan kegiatan P1 dilaksanakan dengan peserta 80%≤x<100 undangan perfungsi dan salah satu manajer. Materi yang dibahas 80%≤x<100. Pertemuan kegiatan P1 dilaksanakan dalam range waktu 1≤x<7 hari dari tanggal yang ditetapkan Data base sudah ada di SIT 80%≤x<100 updated. \n',NULL,'PJB , UBJOM JAWA & UBJOM LUAR JAWA\nPertemuan kegiatan P1 dilaksanakan dengan peserta 100% undangan perfungsi dan kedua manajer (pemberi kerja & eksekutor). Materi yang dibahas 100%. Pertemuan kegiatan P1 dilaksanakan sesuai tanggal yang ditetapkan. Data base sudah ada di SIT 100% updated dan terintegrasi. \n'),(260,76,'I1.5.7','Implementasi Management Tools  ','Efektifitas manajemen tools mulai dari identifikasi, pengelolaan kesiapan dan ketersediaan tools meliputi :\n1. Pengkategorian (kategori penggunaan, aset, pemeliharaan dan operator tools)\n2. Manajemen penyimpanan\n3. Penjadwalan pemakaian tools (tools spesifik)\n4. Memastikan standard tools berdasarkan kriteria jenis pembangkit.\n5. Data tools aktiva tetap selalu update.\n6. Update sertifikasi tools  ',NULL,NULL,'Pengelolaan Tool dilakukan secara manual baik kategori penggunaan, kategeori aset, kategori pemeliharaan dan dokumen sertifikasi',NULL,'Pengelolaan Toolsudah dilakukan di Web Management Tool dengan  pengisian < 35% seperti spesifikasi, Foto, kategori penggunaan, Aset, pemeliharaan, dokumen sertifikasi serta transaksi peminjaman Tool.',NULL,'Pengelolaan Toolsudah dilakukan di Web Management Tool dengan  pengisian 35%≤x<60% seperti spesifikasi, Foto, kategori penggunaan, Aset, pemeliharaan, dokumen sertifikasi serta transaksi peminjaman Tool.',NULL,'Pengelolaan Toolsudah dilakukan di Web Management Tool dengan  pengisian 80%≤x<100% seperti spesifikasi, Foto, kategori penggunaan, Aset, pemeliharaan, dokumen sertifikasi serta transaksi peminjaman Tool.',NULL,'Pengelolaan Toolsudah dilakukan di Web Management Tool dengan  pengisian 100 % seperti spesifikasi, Foto, kategori penggunaan, Aset, pemeliharaan, dokumen sertifikasi serta transaksi peminjaman Tool. Sudah dilakukan evaluasi efektifeness Tool dan pengambilan keputusan penyediaan Tool (Sewa, Beli, Pinjam)'),(261,76,'I1.5.8','Perencanaan instruksi kerja, kebutuhan resources, dan material dalam EAMS','Menunjukkan bagaimana proses perencanaan langkah kerja, kompetensi, manhours teknisi, serta material yang dibutuhkan dalam pemeliharaan untuk kemudian dituliskan dalam EAMS',NULL,NULL,'- Job instruction tidak diisi\n- Tidak menyertakan kebutuhan kompetensi teknisi dan estimasi manhournya\n- Tidak ada kebutuhan material. Material diidentifikasi saat teknisi mulai mengerjakan pekerjaan',NULL,'- Job instruction pada WO hanya diisi klausul standar dari standard job template.\n- Estimasi waktu bersifat umum, dinyatakan dalam satuan hari\n- Material diidentifikasi teknisi saat mengerjakan yang kemudian dimintakan Rendalhar. Akibatnya perencanaan sering tidak akurat dan terjadi delay eksekusi pekerjaan.\n- 35% work order telah diidentifikasi kebutuhan resource-nya',NULL,'- Urutan job instruction sudah mulai spesifik pada setiap pekerjaan. Untuk WO Tambahan sudah mengacu job site visit . Job instruction masih bersifat kualitatif dan tidak menyertakan kebutuhan tool\n- Perencanaan manhours jauh lebih akurat meski masih terjadi kesalahan.\n- Material ditentukan berdasar historis pemeliharaan sebelumnya, namun masih muncul kebutuhan material yang tidak diprediksi 35%  < x < 60%\n- 35%  < x < 60% work order telah diidentifikasi kebutuhan resource-nya',NULL,'- Job instruction berisi detail langkah kerja, mulai pekerjaan pendahuluan, pekerjaan inti, dan pekerjaan penutup. Job instruction bersifat kualitatif. Tool yang dibutuhkan hanya disebutkan bersifat umum pada semua langkah kerja\n- Estimasi manhours sudah mulai detail pada setiap task (di EAM Ellipse menggunakan modul task assignment) untuk diroll up pada total task\n- Perencanaan material sudah memanfaatkan BOM Management sehingga job delay sudah jarang terjadi\n- 75% work order telah diidentifikasi kebutuhan resource-nya',NULL,'- Job instruction berisi detail langkah kerja, mulai pekerjaan pendahuluan, pekerjaan inti, dan pekerjaan penutup. Job instruction bersifat kuantitatif dengan menyertakan parameter pada setiap langkah. Tool yang dibutuhkan juga sudah didetailkan pada setiap langkah kerja\n- Memenuhi level 4, dan sudah melibatkan standard job/job plan dalam merencanakan resources yang dievaluasi berdasar inputan feedback dari teknisi\n- Memenuhi level 4, dan sudah dilakukan koreksi mengacu historis pemeliharaan sebelumnya\n- 100% work order telah diidentifikasi kebutuhan resource-nya');
/*!40000 ALTER TABLE `ml_subarea` ENABLE KEYS */;
UNLOCK TABLES;

--
-- Table structure for table `testdetail`
--

DROP TABLE IF EXISTS `testdetail`;
/*!40101 SET @saved_cs_client     = @@character_set_client */;
/*!40101 SET character_set_client = utf8 */;
CREATE TABLE `testdetail` (
  `id` int(11) NOT NULL AUTO_INCREMENT,
  `header_id` int(11) NOT NULL,
  `detailcode` varchar(30) DEFAULT NULL,
  PRIMARY KEY (`id`)
) ENGINE=InnoDB AUTO_INCREMENT=5 DEFAULT CHARSET=utf8mb4;
/*!40101 SET character_set_client = @saved_cs_client */;

--
-- Dumping data for table `testdetail`
--

LOCK TABLES `testdetail` WRITE;
/*!40000 ALTER TABLE `testdetail` DISABLE KEYS */;
/*!40000 ALTER TABLE `testdetail` ENABLE KEYS */;
UNLOCK TABLES;

--
-- Table structure for table `testheader`
--

DROP TABLE IF EXISTS `testheader`;
/*!40101 SET @saved_cs_client     = @@character_set_client */;
/*!40101 SET character_set_client = utf8 */;
CREATE TABLE `testheader` (
  `id` int(11) NOT NULL AUTO_INCREMENT,
  `code` varchar(30) DEFAULT NULL,
  PRIMARY KEY (`id`)
) ENGINE=InnoDB AUTO_INCREMENT=3 DEFAULT CHARSET=utf8mb4;
/*!40101 SET character_set_client = @saved_cs_client */;

--
-- Dumping data for table `testheader`
--

LOCK TABLES `testheader` WRITE;
/*!40000 ALTER TABLE `testheader` DISABLE KEYS */;
/*!40000 ALTER TABLE `testheader` ENABLE KEYS */;
UNLOCK TABLES;

--
-- Table structure for table `upload_log`
--

DROP TABLE IF EXISTS `upload_log`;
/*!40101 SET @saved_cs_client     = @@character_set_client */;
/*!40101 SET character_set_client = utf8 */;
CREATE TABLE `upload_log` (
  `id` int(11) NOT NULL AUTO_INCREMENT,
  `upload_date` timestamp NOT NULL DEFAULT current_timestamp(),
  `user_id` int(11) DEFAULT NULL,
  `filename` varchar(100) DEFAULT NULL,
  `directory` varchar(100) DEFAULT NULL,
  `period` int(11) DEFAULT NULL,
  `department_id` int(11) DEFAULT NULL,
  `ml_subarea` varchar(30) DEFAULT NULL,
  `kpi_subarea` varchar(30) DEFAULT NULL,
  `level_id` int(11) DEFAULT NULL,
  `filepath` varchar(200) DEFAULT NULL,
  PRIMARY KEY (`id`)
) ENGINE=InnoDB DEFAULT CHARSET=utf8mb4;
/*!40101 SET character_set_client = @saved_cs_client */;

--
-- Dumping data for table `upload_log`
--

LOCK TABLES `upload_log` WRITE;
/*!40000 ALTER TABLE `upload_log` DISABLE KEYS */;
/*!40000 ALTER TABLE `upload_log` ENABLE KEYS */;
UNLOCK TABLES;

--
-- Table structure for table `users`
--

DROP TABLE IF EXISTS `users`;
/*!40101 SET @saved_cs_client     = @@character_set_client */;
/*!40101 SET character_set_client = utf8 */;
CREATE TABLE `users` (
  `id` int(11) NOT NULL AUTO_INCREMENT,
  `username` varchar(30) DEFAULT NULL,
  `password` varchar(30) DEFAULT NULL,
  `fullname` varchar(100) DEFAULT NULL,
  `department_id` int(11) DEFAULT NULL,
  PRIMARY KEY (`id`)
) ENGINE=InnoDB AUTO_INCREMENT=7 DEFAULT CHARSET=utf8mb4;
/*!40101 SET character_set_client = @saved_cs_client */;

--
-- Dumping data for table `users`
--

LOCK TABLES `users` WRITE;
/*!40000 ALTER TABLE `users` DISABLE KEYS */;
INSERT INTO `users` VALUES (1,'admin','admin','admin',0),(2,'fmanda','fmanda','Febrian Manda',14),(3,'arkan','arkan','Arkan',4),(6,'test','a','tes',1);
/*!40000 ALTER TABLE `users` ENABLE KEYS */;
UNLOCK TABLES;

--
-- Dumping routines for database 'demokpi'
--
/*!40103 SET TIME_ZONE=@OLD_TIME_ZONE */;

/*!40101 SET SQL_MODE=@OLD_SQL_MODE */;
/*!40014 SET FOREIGN_KEY_CHECKS=@OLD_FOREIGN_KEY_CHECKS */;
/*!40014 SET UNIQUE_CHECKS=@OLD_UNIQUE_CHECKS */;
/*!40101 SET CHARACTER_SET_CLIENT=@OLD_CHARACTER_SET_CLIENT */;
/*!40101 SET CHARACTER_SET_RESULTS=@OLD_CHARACTER_SET_RESULTS */;
/*!40101 SET COLLATION_CONNECTION=@OLD_COLLATION_CONNECTION */;
/*!40111 SET SQL_NOTES=@OLD_SQL_NOTES */;

-- Dump completed on 2020-08-18 19:16:54
